SegID,ORDER,DIST,CO,RTE,PREFIX,BEGPM,PREFIX.1,ENDPM,Length,HG,MAINT_DIST,MAINT_RGN,DIST_RGN,BUDGETZONE,FY/Q,Pass,Need 1,Need 2,District LOS Score,Pass.1,Need 1.1,Need 2.1,RA LOS Score,los_2022_start,FY/Q.1,Pass.2,Need 1.2,Need 2.2,District LOS Score.1,Pass.3,Need 1.3,Need 2.3,RA LOS Score.1,los_2022_q1,FY/Q.2,Pass.4,Need 1.4,Need 2.4,District LOS Score.2,Pass.5,Need 1.5,Need 2.5,RA LOS Score.2,los_2022_q2,FY/Q.3,"NB/EB
Pass","NB/EB
Need 1","NB/EB
Need 2","NB/EB
Construction","NB/EB
Encampments","SB/WB 
Pass","SB/WB
Need 1","SB/WB
Need 2","SB/WB
Construction","SB/WB
Encampments",District LOS Score.3,"NB/EB
Pass.1","NB/EB
Need 1.1","NB/EB
Need 2.1","NB/EB
Construction.1","NB/EB
Encampments.1","SB/WB 
Pass.1","SB/WB
Need 1.1","SB/WB
Need 2.1","SB/WB
Construction.1","SB/WB
Encampments.1",RA LOS Score.3,los_2022_q3,FY/Q.4,"NB/EB
Pass.2","NB/EB
Need 1.2","NB/EB
Need 2.2","NB/EB
Construction.2","NB/EB
Encampments.2","SB/WB 
Pass.2","SB/WB
Need 1.2","SB/WB
Need 2.2","SB/WB
Construction.2","SB/WB
Encampments.2",District LOS Score.4,"NB/EB
Pass.3","NB/EB
Need 1.3","NB/EB
Need 2.3","NB/EB
Construction.3","NB/EB
Encampments.3","SB/WB 
Pass.3","SB/WB
Need 1.3","SB/WB
Need 2.3","SB/WB
Construction.3","SB/WB
Encampments.3",RA LOS Score.4,los_2022_q4,FY/Q.5,"NB/EB
Pass.4","NB/EB
Need 1.4","NB/EB
Need 2.4","NB/EB
Construction.4","NB/EB
Encampments.4","SB/WB 
Pass.4","SB/WB
Need 1.4","SB/WB
Need 2.4","SB/WB
Construction.4","SB/WB
Encampments.4",District LOS Score.5,"NB/EB
Pass.5","NB/EB
Need 1.5","NB/EB
Need 2.5","NB/EB
Construction.5","NB/EB
Encampments.5","SB/WB 
Pass.5","SB/WB
Need 1.5","SB/WB
Need 2.5","SB/WB
Construction.5","SB/WB
Encampments.5",RA LOS Score.5,los_2023_q1,FY/Q.6,"NB/EB
Pass.6","NB/EB
Need 1.6","NB/EB
Need 2.6","NB/EB
Construction.6","NB/EB
Encampments.6","SB/WB 
Pass.6","SB/WB
Need 1.6","SB/WB
Need 2.6","SB/WB
Construction.6","SB/WB
Encampments.6",District LOS Score.6,"NB/EB
Pass.7","NB/EB
Need 1.7","NB/EB
Need 2.7","NB/EB
Construction.7","NB/EB
Encampments.7","SB/WB 
Pass.7","SB/WB
Need 1.7","SB/WB
Need 2.7","SB/WB
Construction.7","SB/WB
Encampments.7",RA LOS Score.6,los_2023_q2,FY/Q.7,"NB/EB
Pass.8","NB/EB
Need 1.8","NB/EB
Need 2.8","NB/EB
Construction.8","NB/EB
Encampments.8","SB/WB 
Pass.8","SB/WB
Need 1.8","SB/WB
Need 2.8","SB/WB
Construction.8","SB/WB
Encampments.8",District LOS Score.7,"NB/EB
Pass.9","NB/EB
Need 1.9","NB/EB
Need 2.9","NB/EB
Construction.9","NB/EB
Encampments.9","SB/WB 
Pass.9","SB/WB
Need 1.9","SB/WB
Need 2.9","SB/WB
Construction.9","SB/WB
Encampments.9",RA LOS Score.7,los_2023_q3,FY/Q.8,"NB/EB
Pass.10","NB/EB
Need 1.10","NB/EB
Need 2.10","NB/EB
Construction.10","NB/EB
Encampments.10","SB/WB 
Pass.10","SB/WB
Need 1.10","SB/WB
Need 2.10","SB/WB
Construction.10","SB/WB
Encampments.10",District LOS Score.8,"NB/EB
Pass.11","NB/EB
Need 1.11","NB/EB
Need 2.11","NB/EB
Construction.11","NB/EB
Encampments.11","SB/WB 
Pass.11","SB/WB
Need 1.11","SB/WB
Need 2.11","SB/WB
Construction.11","SB/WB
Encampments.11",RA LOS Score.8,los_2023_q4,FY24/Q1-Date Evaluated ,"NB/EB
Pass.12","NB/EB
Need 1.12","NB/EB
Need 2.12","NB/EB
Construction.12","NB/EB
Encampments.12","NB/EB
Comments","SB/WB 
Pass.12","SB/WB
Need 1.12","SB/WB
Need 2.12","SB/WB
Construction.12","SB/WB
Encampments.12","SB/WB
Comments",LOS Score,Q1 FY2024-Date Evaluated ,"NB/EB
Pass.13","NB/EB
Need 1.13","NB/EB
Need 2.13","NB/EB
Construction.13","NB/EB
Encampments.13","NB/EB
Comments.1","SB/WB 
Pass.13","SB/WB
Need 1.13","SB/WB
Need 2.13","SB/WB
Construction.13","SB/WB
Encampments.13","SB/WB
Comments.1",LOS Score.1,los_2024_q1,FY24Q2 Date Evaluated,"NB/EB
Pass.14","NB/EB
Need 1.14","NB/EB
Need 2.14","NB/EB
Construction.14","NB/EB
Encampments.14","NB/EB
Comments.2","SB/WB 
Pass.14","SB/WB
Need 1.14","SB/WB
Need 2.14","SB/WB
Construction.14","SB/WB
Encampments.14","SB/WB
Comments.2", LOS Score,FY24Q2 Date Evaluated.1,"NB/EB
Pass.15","NB/EB
Need 1.15","NB/EB
Need 2.15","NB/EB
Construction.15","NB/EB
Encampments.15","NB/EB
Comments.3","SB/WB 
Pass.15","SB/WB
Need 1.15","SB/WB
Need 2.15","SB/WB
Construction.15","SB/WB
Encampments.15","SB/WB
Comments.3", LOS Score.1,los_2024_q2,FY24Q3 Date Evaluated,"NB/EB
Pass.16","NB/EB
Need 1.16","NB/EB
Need 2.16","NB/EB
Construction.16","NB/EB
Encampments.16","NB/EB
Comments.4","SB/WB 
Pass.16","SB/WB
Need 1.16","SB/WB
Need 2.16","SB/WB
Construction.16","SB/WB
Encampments.16","SB/WB
Comments.4", LOS Score.2,FY24Q3 Date Evaluated.1,"NB/EB
Pass.17","NB/EB
Need 1.17","NB/EB
Need 2.17","NB/EB
Construction.17","NB/EB
Encampments.17","NB/EB
Comments.5","SB/WB 
Pass.17","SB/WB
Need 1.17","SB/WB
Need 2.17","SB/WB
Construction.17","SB/WB
Encampments.17","SB/WB
Comments.5", LOS Score.3,los_2024_q3,FY24Q4 Date Evaluated,"NB/EB
Pass.18","NB/EB
Need 1.18","NB/EB
Need 2.18","NB/EB
Construction.18","NB/EB
Encampments.18","NB/EB
Comments.6","SB/WB 
Pass.18","SB/WB
Need 1.18","SB/WB
Need 2.18","SB/WB
Construction.18","SB/WB
Encampments.18","SB/WB
Comments.6", LOS Score.4,FY24Q4 Date Evaluated.1,"NB/EB
Pass.19","NB/EB
Need 1.19","NB/EB
Need 2.19","NB/EB
Construction.19","NB/EB
Encampments.19","NB/EB
Comments.7","SB/WB 
Pass.19","SB/WB
Need 1.19","SB/WB
Need 2.19","SB/WB
Construction.19","SB/WB
Encampments.19","SB/WB
Comments.7", LOS Score.5,los_2024_q4
1.0,,1.0,LAK,53,,0.0,,1.0,1.0,,1.0,District 1 - Eureka Region,District 1 - Eureka Region,LoMt-3,Beg FY22,1.0,,,100.0,1.0,,,100.0,100.0,FY22/Q1,1.0,,,100.0,1.0,,,100.0,100.0,FY22/Q2,1.0,,,100.0,1.0,,,100.0,100.0,FY22/Q3,X,,,,,X,,,,,100.0,x,,,,,x,,,,,100.0,100.0,FY22/Q4,x,,,,,x,,,,,100.0,x,,,,,x,,,,,100,100,FY23/Q1,X,,,,,X,,,,,100.0,X,,,,,X,,,,,100.0,100.0,FY23/Q2,X,,,,,X,,,,,100.0,X,,,,,X,,,,,100.0,100.0,FY23/Q3,X,,,,,X,,,,,100.0,X,,,,,X,,,,,100.0,100.0,FY23/Q4,X,,,,,X,,,,,100.0,X,,,,,X,,,,,100.0,100.0,10/10/2023,X,,,,,,X,,,,,,100,10/2/2023,X,,,,,,X,,,,,,100,100,1/16/2024,X,,,,,,X,,,,,,100,1/16/2024,X,,,,,,X,,,,,,100,100,,X,,,,,,X,,,,,,100,4/8/2024,x,,,,,,x,,,,,,100,100,6/11/2024,x,,,,,,x,,,,,,100,6/10/2024,X,,,,,,X,,,,,,100,100
2.0,,1.0,LAK,53,,1.0,,2.0,1.0,,1.0,District 1 - Eureka Region,District 1 - Eureka Region,LoMt-3,Beg FY22,,,1.0,0.0,,,1.0,0.0,0.0,FY22/Q1,,1,,50.0,1.0,,,100.0,75.0,FY22/Q2,1.0,,,100.0,1.0,,,100.0,100.0,FY22/Q3,X,,,,,X,,,,,100.0,x,,,,,x,,,,,100.0,100.0,FY22/Q4,x,,,,,x,,,,,100.0,x,,,,,x,,,,,100,100,FY23/Q1,X,,,,,X,,,,,100.0,X,,,,,X,,,,,100.0,100.0,FY23/Q2,X,,,,,X,,,,,100.0,X,,,,,X,,,,,100.0,100.0,FY23/Q3,X,,,,,X,,,,,100.0,X,,,,,X,,,,,100.0,100.0,FY23/Q4,X,,,,,X,,,,,100.0,X,,,,,X,,,,,100.0,100.0,10/10/2023,X,,,,,,X,,,,,,100,10/2/2023,X,,,,,,X,,,,,,100,100,1/16/2024,X,,,,,,X,,,,,,100,1/16/2024,X,,,,,,X,,,,,,100,100,,X,,,,,,X,,,,,,100,4/8/2024,,x,,,,s,x,,,,,,75,88,6/11/2024,x,,,,,,x,,,,,,100,6/10/2024,X,,,,,,X,,,,,,100,100
3.0,,1.0,LAK,53,,2.0,,3.0,1.0,,1.0,District 1 - Eureka Region,District 1 - Eureka Region,LoMt-3,Beg FY22,,1,,50.0,,1,,50.0,50.0,FY22/Q1,,,1.0,0.0,1.0,,,100.0,50.0,FY22/Q2,,1,,50.0,,,1.0,0.0,25.0,FY22/Q3,X,,,,,X,,,,,100.0,x,,,,,x,,,,,100.0,100.0,FY22/Q4,x,,,,,x,,,,,100.0,x,,,,,x,,,,,100,100,FY23/Q1,X,,,,,X,,,,,100.0,X,,,,,X,,,,,100.0,100.0,FY23/Q2,X,,,,,X,,,,,100.0,X,,,,,X,,,,,100.0,100.0,FY23/Q3,X,,,,,X,,,,,100.0,X,,,,,X,,,,,100.0,100.0,FY23/Q4,X,,,,,X,,,,,100.0,X,,,,,X,,,,,100.0,100.0,10/10/2023,X,,,,,,X,,,,,,100,10/2/2023,X,,,,,,X,,,,,,100,100,1/16/2024,X,,,,,,X,,,,,,100,1/16/2024,X,,,,,,X,,,,,,100,100,,X,,,,,,X,,,,,,100,4/8/2024,,x,,,,s,x,,,,,,75,88,6/11/2024,x,,,,,,x,,,,,,100,6/10/2024,X,,,,,,,X,,,,S,75,88
4.0,,1.0,LAK,53,,3.0,,4.0,1.0,,1.0,District 1 - Eureka Region,District 1 - Eureka Region,LoMt-3,Beg FY22,,1,,50.0,,1,,50.0,50.0,FY22/Q1,,,1.0,0.0,,1,,50.0,25.0,FY22/Q2,1.0,,,100.0,,1,,50.0,75.0,FY22/Q3,X,,,,,X,,,,,100.0,x,,,,,x,,,,,100.0,100.0,FY22/Q4,x,,,,,x,,,,,100.0,x,,,,,x,,,,,100,100,FY23/Q1,X,,,,,X,,,,,100.0,X,,,,,X,,,,,100.0,100.0,FY23/Q2,X,,,,,X,,,,,100.0,X,,,,,X,,,,,100.0,100.0,FY23/Q3,X,,,,,X,,,,,100.0,X,,,,,X,,,,,100.0,100.0,FY23/Q4,X,,,,,X,,,,,100.0,X,,,,,,x,,,,75.0,88.0,10/10/2023,X,,,,,,X,,,,,,100,10/2/2023,X,,,,,,,x,,,,RS,75,88,1/16/2024,X,,,,,,X,,,,,,100,1/16/2024,X,,,,,,X,,,,,,100,100,,X,,,,,,X,,,,,,100,4/8/2024,x,,,,,,x,,,,,,100,100,6/11/2024,x,,,,,,x,,,,,,100,6/10/2024,X,,,,,,X,,,,,,100,100
5.0,,1.0,LAK,53,,4.0,,5.0,1.0,,1.0,District 1 - Eureka Region,District 1 - Eureka Region,LoMt-3,Beg FY22,1.0,,,100.0,1.0,,,100.0,100.0,FY22/Q1,,,1.0,0.0,1.0,,,100.0,50.0,FY22/Q2,1.0,,,100.0,,1,,50.0,75.0,FY22/Q3,X,,,,,X,,,,,100.0,x,,,,,x,,,,,100.0,100.0,FY22/Q4,x,,,,,x,,,,,100.0,x,,,,,x,,,,,100,100,FY23/Q1,X,,,,,X,,,,,100.0,X,,,,,X,,,,,100.0,100.0,FY23/Q2,X,,,,,X,,,,,100.0,X,,,,,X,,,,,100.0,100.0,FY23/Q3,X,,,,,X,,,,,100.0,X,,,,,X,,,,,100.0,100.0,FY23/Q4,X,,,,,X,,,,,100.0,X,,,,,X,,,,,100.0,100.0,10/10/2023,X,,,,,,X,,,,,,100,10/2/2023,X,,,,,,X,,,,,,100,100,1/16/2024,X,,,,,,X,,,,,,100,1/16/2024,X,,,,,,X,,,,,,100,100,,X,,,,,,X,,,,,,100,4/8/2024,x,,,,,,x,,,,,,100,100,6/11/2024,x,,,,,,x,,,,,,100,6/10/2024,X,,,,,,X,,,,,,100,100
6.0,,1.0,LAK,53,,5.0,,6.0,1.0,,1.0,District 1 - Eureka Region,District 1 - Eureka Region,LoMt-3,Beg FY22,1.0,,,100.0,1.0,,,100.0,100.0,FY22/Q1,,1,,50.0,1.0,,,100.0,75.0,FY22/Q2,1.0,,,100.0,,,1.0,0.0,50.0,FY22/Q3,X,,,,,X,,,,,100.0,x,,,,,x,,,,,100.0,100.0,FY22/Q4,x,,,,,x,,,,,100.0,x,,,,,x,,,,,100,100,FY23/Q1,X,,,,,X,,,,,100.0,X,,,,,X,,,,,100.0,100.0,FY23/Q2,X,,,,,X,,,,,100.0,X,,,,,X,,,,,100.0,100.0,FY23/Q3,X,,,,,X,,,,,100.0,X,,,,,X,,,,,100.0,100.0,FY23/Q4,X,,,,,X,,,,,100.0,X,,,,,X,,,,,100.0,100.0,10/10/2023,X,,,,,,X,,,,,,100,10/2/2023,X,,,,,,X,,,,,,100,100,1/16/2024,X,,,,,,X,,,,,,100,1/16/2024,X,,,,,,X,,,,,,100,100,,X,,,,,,X,,,,,,100,4/8/2024,x,,,,,,x,,,,,,100,100,6/11/2024,x,,,,,,x,,,,,,100,6/10/2024,X,,,,,,X,,,,,,100,100
7.0,,1.0,LAK,53,,6.0,,7.0,1.0,,1.0,District 1 - Eureka Region,District 1 - Eureka Region,LoMt-3,Beg FY22,,1,,50.0,,1,,50.0,50.0,FY22/Q1,1.0,,,100.0,1.0,,,100.0,100.0,FY22/Q2,1.0,,,100.0,1.0,,,100.0,100.0,FY22/Q3,X,,,,,X,,,,,100.0,x,,,,,x,,,,,100.0,100.0,FY22/Q4,x,,,,,x,,,,,100.0,x,,,,,x,,,,,100,100,FY23/Q1,X,,,,,X,,,,,100.0,X,,,,,X,,,,,100.0,100.0,FY23/Q2,X,,,,,X,,,,,100.0,X,,,,,X,,,,,100.0,100.0,FY23/Q3,X,,,,,X,,,,,100.0,X,,,,,X,,,,,100.0,100.0,FY23/Q4,X,,,,,X,,,,,100.0,X,,,,,X,,,,,100.0,100.0,10/10/2023,X,,,,,,X,,,,,,100,10/2/2023,X,,,,,,,x,,,,RS,75,88,1/16/2024,X,,,,,,X,,,,,,100,1/16/2024,X,,,,,,,x,,,,S,75,88,,X,,,,,,X,,,,,,100,4/8/2024,x,,,,,,x,,,,,,100,100,6/11/2024,x,,,,,,x,,,,,,100,6/10/2024,X,,,,,,X,,,,,,100,100
8.0,,1.0,HUM,101,,55.0,,56.0,1.0,,,,,NoCst-2,Beg FY22,,1,,50.0,,1,,50.0,50.0,FY22/Q1,,1,,50.0,1.0,,,100.0,75.0,FY22/Q2,,1,,50.0,,1,,50.0,50.0,FY22/Q3,X,,,,,X,,,,,100.0,X,,,,,X,,,,,100.0,100.0,FY22/Q4,x,,,,,x,,,,,100.0,x,,,,,x,,,,,100,100,FY23/Q1,,X,,,,X,,,,,75.0,X,,,,,X,,,,,100.0,88.0,FY23/Q2,X,,,,,X,,,,,100.0,X,,,,,X,,,,,100.0,100.0,FY23/Q3,X,,,,,X,,,,,100.0,X,,,,,X,,,,,100.0,100.0,FY23/Q4,X,,,,,X,,,,,100.0,X,,,,,X,,,,,100.0,100.0,10/10/2023,X,,,,,,X,,,,,,100,10/2/2023,X,,,,,,X,,,,,,100,100,1/16/2024,X,,,,,,X,,,,,,100,1/16/2024,X,,,,,,X,,,,,,100,100,,X,,,,,,X,,,,,,100,4/8/2024,X,,,,,,X,,,,,,100,100,6/11/2024,x,,,,,,x,,,,,,100,6/10/2024,X,,,,,,X,,,,,,100,100
9.0,,1.0,HUM,101,,56.0,,57.0,1.0,,,,,NoCst-2,Beg FY22,,,1.0,0.0,,,1.0,0.0,0.0,FY22/Q1,1.0,,,100.0,,1,,50.0,75.0,FY22/Q2,1.0,,,100.0,1.0,,,100.0,100.0,FY22/Q3,X,,,,,X,,,,,100.0,X,,,,,X,,,,,100.0,100.0,FY22/Q4,x,,,,,x,,,,,100.0,x,,,,,x,,,,,100,100,FY23/Q1,X,,,,,X,,,,,100.0,X,,,,,X,,,,,100.0,100.0,FY23/Q2,X,,,,,X,,,,,100.0,X,,,,,X,,,,,100.0,100.0,FY23/Q3,X,,,,,X,,,,,100.0,X,,,,,X,,,,,100.0,100.0,FY23/Q4,X,,,,,X,,,,,100.0,X,,,,,X,,,,,100.0,100.0,10/10/2023,X,,,,,,X,,,,,,100,10/2/2023,X,,,,,,X,,,,,,100,100,1/16/2024,X,,,,,,X,,,,,,100,1/16/2024,X,,,,,,X,,,,,,100,100,,X,,,,,,X,,,,,,100,4/8/2024,X,,,,,,X,,,,,,100,100,6/11/2024,x,,,,,,x,,,,,,100,6/10/2024,X,,,,,,X,,,,,,100,100
10.0,,1.0,HUM,101,,57.0,,58.0,1.0,,,,,NoCst-2,Beg FY22,,1,,50.0,,1,,50.0,50.0,FY22/Q1,1.0,,,100.0,1.0,,,100.0,100.0,FY22/Q2,,1,,50.0,,,1.0,0.0,25.0,FY22/Q3,X,,,,,X,,,,,100.0,X,,,,,X,,,,,100.0,100.0,FY22/Q4,x,,,,,x,,,,,100.0,x,,,,,x,,,,,100,100,FY23/Q1,X,,,,,X,,,,,100.0,X,,,,,X,,,,,100.0,100.0,FY23/Q2,X,,,,,X,,,,,100.0,X,,,,,X,,,,,100.0,100.0,FY23/Q3,X,,,,,X,,,,,100.0,X,,,,,X,,,,,100.0,100.0,FY23/Q4,X,,,,,X,,,,,100.0,X,,,,,X,,,,,100.0,100.0,10/10/2023,X,,,,,,X,,,,,,100,10/2/2023,X,,,,,,X,,,,,,100,100,1/16/2024,X,,,,,,X,,,,,,100,1/16/2024,X,,,,,,X,,,,,,100,100,,X,,,,,,X,,,,,,100,4/8/2024,X,,,,,,X,,,,,,100,100,6/11/2024,x,,,,,,x,,,,,,100,6/10/2024,X,,,,,,X,,,,,,100,100
11.0,,1.0,HUM,101,,58.0,,59.0,1.0,,,,,NoCst-2,Beg FY22,,,1.0,0.0,,,1.0,0.0,0.0,FY22/Q1,,,1.0,0.0,,1,,50.0,25.0,FY22/Q2,,,1.0,0.0,1.0,,,100.0,50.0,FY22/Q3,X,,,,,X,,,,,100.0,X,,,,,X,,,,,100.0,100.0,FY22/Q4,,x,,,,x,,,,,75.0,,x,,,,x,,,,,75,75,FY23/Q1,,X,,,,,X,,,,50.0,X,,,,,,X,,,,75.0,63.0,FY23/Q2,X,,,,,X,,,,,100.0,X,,,,,X,,,,,100.0,100.0,FY23/Q3,X,,,,,X,,,,,100.0,X,,,,,X,,,,,100.0,100.0,FY23/Q4,X,,,,,X,,,,,100.0,,X,,,,X,,,,,75.0,88.0,10/10/2023,X,,,,,,X,,,,,,100,10/2/2023,X,,,,,,X,,,,,,100,100,1/16/2024,X,,,,,,X,,,,,,100,1/16/2024,X,,,,,,X,,,,,,100,100,,X,,,,,,X,,,,,,100,4/8/2024,X,,,,,,X,,,,,,100,100,6/11/2024,x,,,,,,x,,,,,,100,6/10/2024,X,,,,,,X,,,,,,100,100
12.0,,1.0,HUM,101,,59.0,,60.0,1.0,,,,,NoCst-2,Beg FY22,,,1.0,0.0,,,1.0,0.0,0.0,FY22/Q1,,,1.0,0.0,,1,,50.0,25.0,FY22/Q2,,1,,50.0,1.0,,,100.0,75.0,FY22/Q3,X,,,,,X,,,,,100.0,X,,,,,X,,,,,100.0,100.0,FY22/Q4,,x,,,x,x,,,,,75.0,x,,,,,x,,,,,100,88,FY23/Q1,X,,,,,X,,,,,100.0,X,,,,,X,,,,,100.0,100.0,FY23/Q2,X,,,,,X,,,,,100.0,X,,,,,X,,,,,100.0,100.0,FY23/Q3,X,,,,,X,,,,,100.0,X,,,,,X,,,,,100.0,100.0,FY23/Q4,X,,,,,X,,,,,100.0,,X,,,,X,,,,,75.0,88.0,10/10/2023,X,,,,,,X,,,,,,100,10/2/2023,X,,,,,,X,,,,,,100,100,1/16/2024,X,,,,,,X,,,,,,100,1/16/2024,X,,,,,,X,,,,,,100,100,,X,,,,,,X,,,,,,100,4/8/2024,X,,,,,,X,,,,,,100,100,6/11/2024,x,,,,,,x,,,,,,100,6/10/2024,X,,,,,,X,,,,,,100,100
13.0,,1.0,HUM,101,,60.0,,61.0,1.0,,,,,NoCst-2,Beg FY22,,,1.0,0.0,,,1.0,0.0,0.0,FY22/Q1,,1,,50.0,,1,,50.0,50.0,FY22/Q2,1.0,,,100.0,,1,,50.0,75.0,FY22/Q3,X,,,,,X,,,,,100.0,X,,,,,X,,,,,100.0,100.0,FY22/Q4,x,,,,,x,,,,,100.0,x,,,,,x,,,,,100,100,FY23/Q1,X,,,,,X,,,,,100.0,,X,,,,X,,,,,75.0,88.0,FY23/Q2,X,,,,,X,,,,,100.0,X,,,,,X,,,,,100.0,100.0,FY23/Q3,X,,,,,X,,,,,100.0,,X,,,,X,,,,,75.0,88.0,FY23/Q4,X,,,,,,X,,,,75.0,X,,,,,X,,,,,100.0,88.0,10/10/2023,X,,,,,,X,,,,,,100,10/2/2023,X,,,,,,X,,,,,,100,100,1/16/2024,X,,,,,,X,,,,,,100,1/16/2024,X,,,,,,X,,,,,,100,100,,X,,,,,,X,,,,,,100,4/8/2024,,X,,,,M,X,,,,,,75,88,6/11/2024,x,,,,,,x,,,,,,100,6/10/2024,X,,,,,,X,,,,,,100,100
14.0,,1.0,HUM,101,,61.0,,62.0,1.0,,,,,NoCst-2,Beg FY22,,,1.0,0.0,,,1.0,0.0,0.0,FY22/Q1,,1,,50.0,1.0,,,100.0,75.0,FY22/Q2,,,1.0,0.0,,,1.0,0.0,0.0,FY22/Q3,X,,,,,X,,,,,100.0,X,,,,,X,,,,,100.0,100.0,FY22/Q4,x,,,,,x,,,,,100.0,,x,,,,x,,,,,75,88,FY23/Q1,X,,,,,X,,,,,100.0,X,,,,,X,,,,,100.0,100.0,FY23/Q2,X,,,,,X,,,,,100.0,X,,,,,X,,,,,100.0,100.0,FY23/Q3,X,,,,,X,,,,,100.0,X,,,,,X,,,,,100.0,100.0,FY23/Q4,X,,,,,X,,,,,100.0,X,,,,,,X,,,,75.0,88.0,10/10/2023,X,,,,,,X,,,,,,100,10/2/2023,X,,,,,,X,,,,,,100,100,1/16/2024,X,,,,,,X,,,,,,100,1/16/2024,X,,,,,,X,,,,,,100,100,,X,,,,,,X,,,,,,100,4/8/2024,,X,,,,M,X,,,,,,75,88,6/11/2024,,x,,,,M,x,,,,,,75,6/10/2024,,X,,,,M,,X,,,,M,50,63
15.0,,1.0,HUM,101,,62.0,,63.0,1.0,,,,,NoCst-2,Beg FY22,,1,,50.0,,1,,50.0,50.0,FY22/Q1,,,1.0,0.0,1.0,,,100.0,50.0,FY22/Q2,,1,,50.0,,,1.0,0.0,25.0,FY22/Q3,X,,,,,X,,,,,100.0,X,,,,,X,,,,,100.0,100.0,FY22/Q4,x,,,,,x,,,,,100.0,x,,,,,x,,,,,100,100,FY23/Q1,X,,,,,X,,,,,100.0,,X,,,,X,,,,,75.0,88.0,FY23/Q2,X,,,,,X,,,,,100.0,X,,,,,X,,,,,100.0,100.0,FY23/Q3,X,,,,,X,,,,,100.0,X,,,,,X,,,,,100.0,100.0,FY23/Q4,X,,,,,X,,,,,100.0,,X,,,,,X,,,,50.0,75.0,10/10/2023,X,,,,,,X,,,,,,100,10/2/2023,X,,,,,,X,,,,,,100,100,1/16/2024,X,,,,,,X,,,,,,100,1/16/2024,X,,,,,,X,,,,,,100,100,,X,,,,,,X,,,,,,100,4/8/2024,X,,,,,,,X,,,,M,75,88,6/11/2024,x,,,,,,x,,,,,,100,6/10/2024,X,,,,,,,X,,,,M,75,88
16.0,,1.0,HUM,101,,63.0,,64.0,1.0,,,,,NoCst-2,Beg FY22,1.0,,,100.0,1.0,,,100.0,100.0,FY22/Q1,,1,,50.0,1.0,,,100.0,75.0,FY22/Q2,1.0,,,100.0,,1,,50.0,75.0,FY22/Q3,X,,,,,X,,,,,100.0,X,,,,,X,,,,,100.0,100.0,FY22/Q4,x,,,,,x,,,,,100.0,x,,,,,x,,,,,100,100,FY23/Q1,X,,,,,X,,,,,100.0,X,,,,,X,,,,,100.0,100.0,FY23/Q2,X,,,,,X,,,,,100.0,X,,,,,X,,,,,100.0,100.0,FY23/Q3,X,,,,,X,,,,,100.0,X,,,,,X,,,,,100.0,100.0,FY23/Q4,X,,,,,X,,,,,100.0,X,,,,,X,,,,,100.0,100.0,10/10/2023,X,,,,,,X,,,,,,100,10/2/2023,X,,,,,,X,,,,,,100,100,1/16/2024,X,,,,,,X,,,,,,100,1/16/2024,X,,,,,,X,,,,,,100,100,,X,,,,,,X,,,,,,100,4/8/2024,X,,,,,,X,,,,,,100,100,6/11/2024,x,,,,,,x,,,,,,100,6/10/2024,X,,,,,,X,,,,,,100,100
17.0,,1.0,HUM,101,,64.0,,65.0,1.0,,,,,NoCst-2,Beg FY22,1.0,,,100.0,1.0,,,100.0,100.0,FY22/Q1,1.0,,,100.0,1.0,,,100.0,100.0,FY22/Q2,1.0,,,100.0,1.0,,,100.0,100.0,FY22/Q3,X,,,,,X,,,,,100.0,X,,,,,X,,,,,100.0,100.0,FY22/Q4,x,,,,,x,,,,,100.0,x,,,,,x,,,,,100,100,FY23/Q1,X,,,,,X,,,,,100.0,X,,,,,,X,,,,75.0,88.0,FY23/Q2,X,,,,,X,,,,,100.0,X,,,,,X,,,,,100.0,100.0,FY23/Q3,X,,,,,X,,,,,100.0,X,,,,,X,,,,,100.0,100.0,FY23/Q4,X,,,,,X,,,,,100.0,X,,,,,X,,,,,100.0,100.0,10/10/2023,X,,,,,,X,,,,,,100,10/2/2023,X,,,,,,X,,,,,,100,100,1/16/2024,X,,,,,,X,,,,,,100,1/16/2024,X,,,,,,X,,,,,,100,100,,X,,,,,,X,,,,,,100,4/8/2024,X,,,,,,X,,,,,,100,100,6/11/2024,x,,,,,,x,,,,,,100,6/10/2024,X,,,,,,X,,,,,,100,100
18.0,,1.0,HUM,101,,73.0,,74.0,1.0,,,,,NoCst-2,Beg FY22,,,1.0,0.0,,,1.0,0.0,0.0,FY22/Q1,,,1.0,0.0,1.0,,,100.0,50.0,FY22/Q2,,1,,50.0,,1,,50.0,50.0,FY22/Q3,X,,,,,X,,,,,100.0,X,,,,,X,,,,,100.0,100.0,FY22/Q4,x,,,,,x,,,,,100.0,x,,,,,x,,,,,100,100,FY23/Q1,X,,,,,X,,,,,100.0,X,,,,,X,,,,,100.0,100.0,FY23/Q2,X,,,,,X,,,,,100.0,X,,,,,,X,,,,75.0,88.0,FY23/Q3,X,,,,,X,,,,,100.0,X,,,,,X,,,,,100.0,100.0,FY23/Q4,X,,,,,X,,,,,100.0,X,,,,,X,,,,,100.0,100.0,10/10/2023,X,,,,,,X,,,,,,100,10/2/2023,X,,,,,,,X,,,X,,75,88,1/16/2024,X,,,,,,X,,,,,,100,1/16/2024,X,,,,,,X,,,,,,100,100,,X,,,,,,X,,,,,,100,4/8/2024,X,,,,,,X,,,,,,100,100,6/11/2024,x,,,,,,x,,,,,,100,6/10/2024,X,,,,,,X,,,,,,100,100
19.0,,1.0,HUM,101,,74.0,,75.0,1.0,,,,,NoCst-2,Beg FY22,,,1.0,0.0,,,1.0,0.0,0.0,FY22/Q1,,1,,50.0,1.0,,,100.0,75.0,FY22/Q2,,,1.0,0.0,,,1.0,0.0,0.0,FY22/Q3,X,,,,,X,,,,,100.0,X,,,,,X,,,,,100.0,100.0,FY22/Q4,x,,,,,x,,,,,100.0,x,,,,,x,,,,,100,100,FY23/Q1,X,,,,,X,,,,,100.0,X,,,,,X,,,,,100.0,100.0,FY23/Q2,X,,,,,X,,,,,100.0,X,,,,,X,,,,,100.0,100.0,FY23/Q3,X,,,,,X,,,,,100.0,X,,,,,X,,,,,100.0,100.0,FY23/Q4,X,,,,,X,,,,,100.0,X,,,,,,X,,,,75.0,88.0,10/10/2023,X,,,,,,X,,,,,,100,10/2/2023,X,,,,,,X,,,,,,100,100,1/16/2024,X,,,,,,X,,,,,,100,1/16/2024,X,,,,,,X,,,,,,100,100,,X,,,,,,X,,,,,,100,4/8/2024,X,,,,,,X,,,,,,100,100,6/11/2024,x,,,,,,x,,,,,,100,6/10/2024,X,,,,,,X,,,,,,100,100
20.0,,1.0,HUM,101,,75.0,,76.0,1.0,,,,,NoCst-2,Beg FY22,,1,,50.0,,1,,50.0,50.0,FY22/Q1,1.0,,,100.0,1.0,,,100.0,100.0,FY22/Q2,1.0,,,100.0,,,1.0,0.0,50.0,FY22/Q3,X,,,,,X,,,,,100.0,X,,,,,X,,,,,100.0,100.0,FY22/Q4,x,,,,,x,,,,,100.0,x,,,,,x,,,,,100,100,FY23/Q1,X,,,,,X,,,,,100.0,X,,,,,X,,,,,100.0,100.0,FY23/Q2,X,,,,,X,,,,,100.0,X,,,,,X,,,,,100.0,100.0,FY23/Q3,X,,,,,X,,,,,100.0,X,,,,,X,,,,,100.0,100.0,FY23/Q4,X,,,,,X,,,,,100.0,X,,,,,X,,,,,100.0,100.0,10/10/2023,X,,,,,,X,,,,,,100,10/2/2023,X,,,,,,X,,,,,,100,100,1/16/2024,X,,,,,,X,,,,,,100,1/16/2024,X,,,,,,X,,,,,,100,100,,X,,,,,,X,,,,,,100,4/8/2024,X,,,,,,X,,,,,,100,100,6/11/2024,x,,,,,,x,,,,,,100,6/10/2024,,X,,,,S,X,,,,,,75,88
21.0,,1.0,HUM,101,,76.0,,77.0,1.0,,,,,NoCst-2,Beg FY22,,,1.0,0.0,,,1.0,0.0,0.0,FY22/Q1,,,1.0,0.0,1.0,,,100.0,50.0,FY22/Q2,,,1.0,0.0,,,1.0,0.0,0.0,FY22/Q3,X,,,,,X,,,,,100.0,X,,,,,X,,,,,100.0,100.0,FY22/Q4,x,,,,,x,,,,,100.0,,x,,,,x,,,,,75,88,FY23/Q1,X,,,,,X,,,,,100.0,,X,,,,X,,,,,75.0,88.0,FY23/Q2,X,,,,,X,,,,,100.0,,,X,,,X,,,,,50.0,75.0,FY23/Q3,X,,,,,X,,,,,100.0,,X,,,X,X,,,,,75.0,88.0,FY23/Q4,X,,,,,X,,,,,100.0,X,,,,,X,,,,,100.0,100.0,10/10/2023,X,,,,,,X,,,,,,100,10/2/2023,X,,,,,,X,,,,,,100,100,1/16/2024,X,,,,,,X,,,,,,100,1/16/2024,,X,,,X,,X,,,,,,75,88,,X,,,,,,X,,,,,,100,4/8/2024,,X,,,X,,X,,,,,,75,88,6/11/2024,x,,,,,,x,,,,,,100,6/10/2024,X,,,,,,X,,,,,,100,100
22.0,,1.0,HUM,101,,77.0,,78.0,1.0,,,,,NoCst-2,Beg FY22,1.0,,,100.0,1.0,,,100.0,100.0,FY22/Q1,1.0,,,100.0,1.0,,,100.0,100.0,FY22/Q2,1.0,,,100.0,1.0,,,100.0,100.0,FY22/Q3,X,,,,,X,,,,,100.0,X,,,,,X,,,,,100.0,100.0,FY22/Q4,x,,,,,x,,,,,100.0,x,,,,,x,,,,,100,100,FY23/Q1,X,,,,,X,,,,,100.0,X,,,,,X,,,,,100.0,100.0,FY23/Q2,X,,,,,X,,,,,100.0,X,,,,,X,,,,,100.0,100.0,FY23/Q3,X,,,,,X,,,,,100.0,,X,,,X,X,,,,,75.0,88.0,FY23/Q4,X,,,,,X,,,,,100.0,X,,,,,X,,,,,100.0,100.0,10/10/2023,X,,,,,,X,,,,,,100,10/2/2023,X,,,,,,X,,,,,,100,100,1/16/2024,X,,,,,,X,,,,,,100,1/16/2024,X,,,,,,X,,,,,,100,100,,X,,,,,,X,,,,,,100,4/8/2024,X,,,,,,X,,,,,,100,100,6/11/2024,x,,,,,,x,,,,,,100,6/10/2024,X,,,,,,X,,,,,,100,100
23.0,,1.0,HUM,101,,78.0,,79.0,1.0,,,,,NoCst-2,Beg FY22,1.0,,,100.0,1.0,,,100.0,100.0,FY22/Q1,1.0,,,100.0,1.0,,,100.0,100.0,FY22/Q2,1.0,,,100.0,1.0,,,100.0,100.0,FY22/Q3,X,,,,,X,,,,,100.0,X,,,,,X,,,,,100.0,100.0,FY22/Q4,x,,,,,x,,,,,100.0,x,,,,,x,,,,,100,100,FY23/Q1,X,,,,,X,,,,,100.0,X,,,,,X,,,,,100.0,100.0,FY23/Q2,X,,,,,X,,,,,100.0,X,,,,,X,,,,,100.0,100.0,FY23/Q3,X,,,,,X,,,,,100.0,X,,,,,X,,,,,100.0,100.0,FY23/Q4,X,,,,,X,,,,,100.0,X,,,,,X,,,,,100.0,100.0,10/10/2023,X,,,,,,X,,,,,,100,10/2/2023,X,,,,,,X,,,,,,100,100,1/16/2024,X,,,,,,X,,,,,,100,1/16/2024,X,,,,,,X,,,,,,100,100,,X,,,,,,X,,,,,,100,4/8/2024,X,,,,,,X,,,,,,100,100,6/11/2024,x,,,,,,x,,,,,,100,6/10/2024,X,,,,,,X,,,,,,100,100
24.0,,1.0,HUM,101,,79.0,,80.0,1.0,,,,,NoCst-2,Beg FY22,,,1.0,0.0,,,1.0,0.0,0.0,FY22/Q1,,,1.0,0.0,,,1.0,0.0,0.0,FY22/Q2,,,1.0,0.0,,,1.0,0.0,0.0,FY22/Q3,X,,,,,X,,,,,100.0,X,,,,,X,,,,,100.0,100.0,FY22/Q4,x,,,,,x,,,,,100.0,x,,,,,x,,,,,100,100,FY23/Q1,X,,,,,X,,,,,100.0,X,,,,,X,,,,,100.0,100.0,FY23/Q2,X,,,,,X,,,,,100.0,X,,,,,X,,,,,100.0,100.0,FY23/Q3,X,,,,,X,,,,,100.0,,X,,,X,X,,,,,75.0,88.0,FY23/Q4,X,,,,,X,,,,,100.0,X,,,,,X,,,,,100.0,100.0,10/10/2023,X,,,,,,X,,,,,,100,10/2/2023,X,,,,,,X,,,,,,100,100,1/16/2024,,X,,,,,X,,,,,,75,1/16/2024,,X,,,,M,X,,,,,,75,75,,X,,,,,,X,,,,,,100,4/8/2024,X,,,,,,X,,,,,,100,100,6/11/2024,x,,,,,,x,,,,,,100,6/10/2024,X,,,,,,X,,,,,,100,100
25.0,,1.0,HUM,101,,80.0,,81.0,1.0,,,,,NoCst-2,Beg FY22,,,1.0,0.0,,,1.0,0.0,0.0,FY22/Q1,,1,,50.0,,1,,50.0,50.0,FY22/Q2,1.0,,,100.0,,,1.0,0.0,50.0,FY22/Q3,X,,,,,X,,,,,100.0,X,,,,,X,,,,,100.0,100.0,FY22/Q4,x,,,,,x,,,,,100.0,x,,,,,x,,,,,100,100,FY23/Q1,X,,,,,X,,,,,100.0,X,,,,,X,,,,,100.0,100.0,FY23/Q2,X,,,,,X,,,,,100.0,X,,,,,X,,,,,100.0,100.0,FY23/Q3,X,,,,,X,,,,,100.0,X,,,,,X,,,,,100.0,100.0,FY23/Q4,X,,,,,X,,,,,100.0,X,,,,,X,,,,,100.0,100.0,10/10/2023,X,,,,,,X,,,,,,100,10/2/2023,X,,,,,,X,,,,,,100,100,1/16/2024,X,,,,,,X,,,,,,100,1/16/2024,X,,,,,,X,,,,,,100,100,,X,,,,,,X,,,,,,100,4/8/2024,X,,,,,,X,,,,,,100,100,6/11/2024,x,,,,,,x,,,,,,100,6/10/2024,X,,,,,,X,,,,,,100,100
26.0,,1.0,HUM,101,,81.0,,82.0,1.0,,,,,NoCst-2,Beg FY22,,,1.0,0.0,,,1.0,0.0,0.0,FY22/Q1,1.0,,,100.0,1.0,,,100.0,100.0,FY22/Q2,1.0,,,100.0,1.0,,,100.0,100.0,FY22/Q3,X,,,,,X,,,,,100.0,X,,,,,X,,,,,100.0,100.0,FY22/Q4,x,,,,,x,,,,,100.0,x,,,,,x,,,,,100,100,FY23/Q1,X,,,,,X,,,,,100.0,X,,,,,X,,,,,100.0,100.0,FY23/Q2,X,,,,,X,,,,,100.0,X,,,,,X,,,,,100.0,100.0,FY23/Q3,X,,,,,X,,,,,100.0,X,,,,,X,,,,,100.0,100.0,FY23/Q4,X,,,,,X,,,,,100.0,X,,,,,X,,,,,100.0,100.0,10/10/2023,X,,,,,,X,,,,,,100,10/2/2023,X,,,,,,X,,,,,,100,100,1/16/2024,X,,,,,,X,,,,,,100,1/16/2024,X,,,,,,X,,,,,,100,100,,X,,,,,,X,,,,,,100,4/8/2024,,,,X,,,,,,X,,,#DIV/0!,#DIV/0!,6/11/2024,x,,,,,,x,,,,,,100,6/10/2024,X,,,,,,,X,,,,M,75,88
27.0,,1.0,HUM,101,,82.0,,83.0,1.0,,,,,NoCst-2,Beg FY22,,,1.0,0.0,,,1.0,0.0,0.0,FY22/Q1,,1,,50.0,1.0,,,100.0,75.0,FY22/Q2,1.0,,,100.0,1.0,,,100.0,100.0,FY22/Q3,X,,,,,X,,,,,100.0,X,,,,,X,,,,,100.0,100.0,FY22/Q4,x,,,,,x,,,,,100.0,x,,,,,x,,,,,100,100,FY23/Q1,X,,,,,X,,,,,100.0,X,,,,,X,,,,,100.0,100.0,FY23/Q2,X,,,,,X,,,,,100.0,X,,,,,X,,,,,100.0,100.0,FY23/Q3,X,,,,,X,,,,,100.0,X,,,,,X,,,,,100.0,100.0,FY23/Q4,X,,,,,X,,,,,100.0,X,,,,,X,,,,,100.0,100.0,10/10/2023,X,,,X,,,,,,X,,,100,10/2/2023,X,,,,,,X,,,,,,100,100,1/16/2024,X,,,,,,X,,,,,,100,1/16/2024,,,,X,,,,,,X,,,#DIV/0!,#DIV/0!,,,,,X,,,,,,X,,,#DIV/0!,4/8/2024,X,,,,,,X,,,,,,100,#DIV/0!,6/11/2024,,,,x,,,,,,x,,,#DIV/0!,6/10/2024,,,,X,,,,,,X,,,#DIV/0!,#DIV/0!
28.0,,1.0,HUM,101,,83.0,,84.0,1.0,,,,,NoCst-2,Beg FY22,,1,,50.0,,1,,50.0,50.0,FY22/Q1,,,1.0,0.0,1.0,,,100.0,50.0,FY22/Q2,1.0,,,100.0,,1,,50.0,75.0,FY22/Q3,X,,,,,X,,,,,100.0,X,,,,,X,,,,,100.0,100.0,FY22/Q4,x,,,,,x,,,,,100.0,x,,,,,x,,,,,100,100,FY23/Q1,X,,,,,X,,,,,100.0,X,,,,,X,,,,,100.0,100.0,FY23/Q2,X,,,,,X,,,,,100.0,X,,,,,X,,,,,100.0,100.0,FY23/Q3,X,,,,,X,,,,,100.0,X,,,,,X,,,,,100.0,100.0,FY23/Q4,X,,,,,X,,,,,100.0,X,,,,,X,,,,,100.0,100.0,10/10/2023,X,,,,,,X,,,,,,100,10/2/2023,X,,,,,,X,,,,,,100,100,1/16/2024,X,,,,,,X,,,,,,100,1/16/2024,X,,,,,,X,,,,,,100,100,,X,,,,,,X,,,,,,100,4/8/2024,X,,,,,,X,,,,,,100,100,6/11/2024,x,,,,,,x,,,,,,100,6/10/2024,X,,,,,,X,,,,,,100,100
29.0,,1.0,HUM,101,,84.0,,85.0,1.0,,,,,NoCst-2,Beg FY22,,1,,50.0,,1,,50.0,50.0,FY22/Q1,1.0,,,100.0,,1,,50.0,75.0,FY22/Q2,1.0,,,100.0,,1,,50.0,75.0,FY22/Q3,X,,,,,X,,,,,100.0,X,,,,,X,,,,,100.0,100.0,FY22/Q4,x,,,,,x,,,,,100.0,,,,x,,,,,x,,#DIV/0!,#DIV/0!,FY23/Q1,X,,,,,X,,,,,100.0,X,,,,,X,,,,,100.0,100.0,FY23/Q2,X,,,,,X,,,,,100.0,X,,,,,X,,,,,100.0,100.0,FY23/Q3,X,,,,,X,,,,,100.0,X,,,,,X,,,,,100.0,100.0,FY23/Q4,X,,,,,X,,,,,100.0,X,,,,,X,,,,,100.0,100.0,10/10/2023,X,,,,,,X,,,,,,100,10/2/2023,X,,,,,,X,,,,,,100,100,1/16/2024,X,,,,,,X,,,,,,100,1/16/2024,X,,,,,,X,,,,,,100,100,,X,,,,,,X,,,,,,100,4/8/2024,X,,,,,,X,,,,,,100,100,6/11/2024,x,,,,,,x,,,,,,100,6/10/2024,X,,,,,,X,,,,,,100,100
30.0,,1.0,HUM,101,,85.0,,86.0,1.0,,,,,NoCst-2,Beg FY22,,,1.0,0.0,,,1.0,0.0,0.0,FY22/Q1,1.0,,,100.0,1.0,,,100.0,100.0,FY22/Q2,,1,,50.0,,1,,50.0,50.0,FY22/Q3,X,,,,,X,,,,,100.0,X,,,,,X,,,,,100.0,100.0,FY22/Q4,x,,,,,x,,,,,100.0,x,,,,,x,,,,,100,100,FY23/Q1,X,,,,,X,,,,,100.0,X,,,,,X,,,,,100.0,100.0,FY23/Q2,X,,,,,X,,,,,100.0,X,,,,,X,,,,,100.0,100.0,FY23/Q3,X,,,,,X,,,,,100.0,,X,,,,X,,,,,75.0,88.0,FY23/Q4,X,,,,,X,,,,,100.0,X,,,,,X,,,,,100.0,100.0,10/10/2023,X,,,,,,X,,,,,,100,10/2/2023,X,,,,,,X,,,,,,100,100,1/16/2024,X,,,,,,X,,,,,,100,1/16/2024,,X,,,X,,,X,,,X,,50,75,,X,,,,,,X,,,,,,100,4/8/2024,X,,,,,,X,,,,,,100,100,6/11/2024,x,,,,,,x,,,,,,100,6/10/2024,X,,,,,,X,,,,,,100,100
31.0,,1.0,HUM,101,,86.0,,87.0,1.0,,,,,NoCst-2,Beg FY22,,,1.0,0.0,,,1.0,0.0,0.0,FY22/Q1,1.0,,,100.0,,1,,50.0,75.0,FY22/Q2,,,1.0,0.0,1.0,,,100.0,50.0,FY22/Q3,X,,,,,X,,,,,100.0,X,,,,,X,,,,,100.0,100.0,FY22/Q4,x,,,,,x,,,,,100.0,x,,,,,x,,,,,100,100,FY23/Q1,X,,,,,X,,,,,100.0,X,,,,,X,,,,,100.0,100.0,FY23/Q2,X,,,,,X,,,,,100.0,,,X,,,,X,,,X,25.0,63.0,FY23/Q3,X,,,,,X,,,,,100.0,,X,,,,X,,,,,75.0,88.0,FY23/Q4,X,,,,,X,,,,,100.0,X,,,,,X,,,,,100.0,100.0,10/10/2023,X,,,,,,X,,,,,,100,10/2/2023,,X,,,X,,X,,,,,,75,88,1/16/2024,X,,,,,,X,,,,,,100,1/16/2024,X,,,,,,X,,,,,,100,100,,X,,,,,,X,,,,,,100,4/8/2024,X,,,,,,X,,,,,,100,100,6/11/2024,x,,,,,,x,,,,,,100,6/10/2024,X,,,,,,,X,,,,M,75,88
32.0,,1.0,HUM,101,,87.0,,88.0,1.0,,,,,NoCst-2,Beg FY22,,,1.0,0.0,,,1.0,0.0,0.0,FY22/Q1,1.0,,,100.0,,1,,50.0,75.0,FY22/Q2,,1,,50.0,,1,,50.0,50.0,FY22/Q3,X,,,,,X,,,,,100.0,X,,,,,X,,,,,100.0,100.0,FY22/Q4,x,,,,,x,,,,,100.0,x,,,,,x,,,,,100,100,FY23/Q1,X,,,,,X,,,,,100.0,X,,,,,X,,,,,100.0,100.0,FY23/Q2,X,,,,,X,,,,,100.0,,X,,,,X,,,,,75.0,88.0,FY23/Q3,X,,,,,X,,,,,100.0,X,,,,,X,,,,,100.0,100.0,FY23/Q4,X,,,,,X,,,,,100.0,X,,,,,X,,,,,100.0,100.0,10/10/2023,X,,,,,,X,,,,,,100,10/2/2023,X,,,,,,X,,,,,,100,100,1/16/2024,X,,,,,,X,,,,,,100,1/16/2024,X,,,,,,X,,,,,,100,100,,X,,,,,,X,,,,,,100,4/8/2024,X,,,,,,X,,,,,,100,100,6/11/2024,x,,,,,,x,,,,,,100,6/10/2024,X,,,,,,X,,,,,,100,100
33.0,,1.0,HUM,101,,88.0,,89.0,1.0,,,,,NoCst-2,Beg FY22,,,1.0,0.0,,,1.0,0.0,0.0,FY22/Q1,1.0,,,100.0,,,1.0,0.0,50.0,FY22/Q2,,,1.0,0.0,1.0,,,100.0,50.0,FY22/Q3,X,,,,,X,,,,,100.0,X,,,,,X,,,,,100.0,100.0,FY22/Q4,x,,,,,x,,,,,100.0,,,,x,,,,,x,,#DIV/0!,#DIV/0!,FY23/Q1,X,,,,,X,,,,,100.0,X,,,,,X,,,,,100.0,100.0,FY23/Q2,X,,,,,X,,,,,100.0,X,,,,,X,,,,,100.0,100.0,FY23/Q3,,X,,,X,X,,,,,75.0,X,,,,,X,,,,,100.0,88.0,FY23/Q4,X,,,,,X,,,,,100.0,X,,,,,X,,,,,100.0,100.0,10/10/2023,X,,,,,,X,,,,,,100,10/2/2023,,X,,,X,,X,,,,,,75,88,1/16/2024,,,,X,,,,,,X,,,#DIV/0!,1/16/2024,,,,X,,,,,,X,,,#DIV/0!,#DIV/0!,,,,,X,,,,,,X,,,#DIV/0!,4/8/2024,X,,,,,,X,,,,,,100,#DIV/0!,6/11/2024,x,,,,,,x,,,,,,100,6/10/2024,X,,,,,,X,,,,,,100,100
34.0,,1.0,HUM,101,,89.0,R,90.0,1.0,,,,,NoCst-2,Beg FY22,,,1.0,0.0,,,1.0,0.0,0.0,FY22/Q1,1.0,,,100.0,,1,,50.0,75.0,FY22/Q2,1.0,,,100.0,1.0,,,100.0,100.0,FY22/Q3,X,,,,,X,,,,,100.0,X,,,,,X,,,,,100.0,100.0,FY22/Q4,,x,,,,x,,,,,75.0,,,,x,,,,,x,,#DIV/0!,#DIV/0!,FY23/Q1,X,,,,,X,,,,,100.0,X,,,,,X,,,,,100.0,100.0,FY23/Q2,X,,,,,X,,,,,100.0,X,,,,,X,,,,,100.0,100.0,FY23/Q3,X,,,,,X,,,,,100.0,,X,,,,X,,,,,75.0,88.0,FY23/Q4,X,,,,,X,,,,,100.0,X,,,,,X,,,,,100.0,100.0,10/10/2023,X,,,,,,X,,,,,,100,10/2/2023,X,,,,,,X,,,,,,100,100,1/16/2024,X,,,,,,X,,,,,,100,1/16/2024,,X,,,,M,X,,,,,,75,88,,X,,,,,,X,,,,,,100,4/8/2024,X,,,,,,X,,,,,,100,100,6/11/2024,x,,,,,,x,,,,,,100,6/10/2024,X,,,,,,X,,,,,,100,100
35.0,,1.0,HUM,101,,90.0,R,91.0,1.0,,,,,NoCst-2,Beg FY22,,1,,50.0,,1,,50.0,50.0,FY22/Q1,,1,,50.0,,1,,50.0,50.0,FY22/Q2,1.0,,,100.0,,1,,50.0,75.0,FY22/Q3,X,,,,,X,,,,,100.0,X,,,,,X,,,,,100.0,100.0,FY22/Q4,,x,,,,x,,,,,75.0,x,,,,,x,,,,,100,88,FY23/Q1,X,,,,,X,,,,,100.0,X,,,,,X,,,,,100.0,100.0,FY23/Q2,X,,,,,X,,,,,100.0,X,,,,,X,,,,,100.0,100.0,FY23/Q3,X,,,,,X,,,,,100.0,X,,,,,X,,,,,100.0,100.0,FY23/Q4,X,,,,,X,,,,,100.0,X,,,,,X,,,,,100.0,100.0,10/10/2023,,X,,,,,X,,,,,,75,10/2/2023,X,,,,,,X,,,,,,100,88,1/16/2024,X,,,,,,X,,,,,,100,1/16/2024,X,,,,,,X,,,,,,100,100,,X,,,,,,X,,,,,,100,4/8/2024,X,,,,,,X,,,,,,100,100,6/11/2024,x,,,,,,x,,,,,,100,6/10/2024,X,,,,,,X,,,,,,100,100
36.0,,1.0,HUM,101,,91.0,R,92.0,1.0,,,,,NoCst-2,Beg FY22,,,1.0,0.0,,,1.0,0.0,0.0,FY22/Q1,1.0,,,100.0,,,1.0,0.0,50.0,FY22/Q2,,1,,50.0,,1,,50.0,50.0,FY22/Q3,X,,,,,X,,,,,100.0,X,,,,,X,,,,,100.0,100.0,FY22/Q4,x,,,,,x,,,,,100.0,,,,x,,,,,x,,#DIV/0!,#DIV/0!,FY23/Q1,X,,,,,X,,,,,100.0,X,,,,,X,,,,,100.0,100.0,FY23/Q2,X,,,,,X,,,,,100.0,X,,,,,X,,,,,100.0,100.0,FY23/Q3,X,,,,,X,,,,,100.0,X,,,,,X,,,,,100.0,100.0,FY23/Q4,X,,,,,X,,,,,100.0,X,,,,,X,,,,,100.0,100.0,10/10/2023,X,,,,,,X,,,,,,100,10/2/2023,X,,,,,,X,,,,,,100,100,1/16/2024,X,,,,,,X,,,,,,100,1/16/2024,X,,,,,,X,,,,,,100,100,,X,,,,,,X,,,,,,100,4/8/2024,X,,,,,,X,,,,,,100,100,6/11/2024,x,,,,,,x,,,,,,100,6/10/2024,X,,,,,,X,,,,,,100,100
37.0,,1.0,HUM,101,,92.0,R,93.0,1.0,,,,,NoCst-2,Beg FY22,,1,,50.0,,1,,50.0,50.0,FY22/Q1,1.0,,,100.0,,1,,50.0,75.0,FY22/Q2,,1,,50.0,,1,,50.0,50.0,FY22/Q3,X,,,,,X,,,,,100.0,X,,,,,X,,,,,100.0,100.0,FY22/Q4,x,,,,,x,,,,,100.0,,,,x,,,,,x,,#DIV/0!,#DIV/0!,FY23/Q1,X,,,,,X,,,,,100.0,X,,,,,X,,,,,100.0,100.0,FY23/Q2,X,,,,,X,,,,,100.0,X,,,,,X,,,,,100.0,100.0,FY23/Q3,X,,,,,X,,,,,100.0,X,,,,,X,,,,,100.0,100.0,FY23/Q4,X,,,,,X,,,,,100.0,X,,,,,X,,,,,100.0,100.0,10/10/2023,X,,,,,,X,,,,,,100,10/2/2023,X,,,,,,X,,,,,,100,100,1/16/2024,X,,,,,,X,,,,,,100,1/16/2024,X,,,,,,,X,,,,S,75,88,,X,,,,,,X,,,,,,100,4/8/2024,X,,,,,,X,,,,,,100,100,6/11/2024,x,,,,,,x,,,,,,100,6/10/2024,X,,,,,,X,,,,,,100,100
38.0,,1.0,HUM,101,,93.0,R,94.0,1.0,,,,,NoCst-2,Beg FY22,,1,,50.0,,1,,50.0,50.0,FY22/Q1,,1,,50.0,1.0,,,100.0,75.0,FY22/Q2,,1,,50.0,,,1.0,0.0,25.0,FY22/Q3,X,,,,,X,,,,,100.0,X,,,,,X,,,,,100.0,100.0,FY22/Q4,x,,,,,x,,,,,100.0,x,,,,,x,,,,,100,100,FY23/Q1,X,,,,,X,,,,,100.0,X,,,,,X,,,,,100.0,100.0,FY23/Q2,X,,,,,X,,,,,100.0,X,,,,,X,,,,,100.0,100.0,FY23/Q3,X,,,,,X,,,,,100.0,X,,,,,X,,,,,100.0,100.0,FY23/Q4,X,,,,,X,,,,,100.0,X,,,,,X,,,,,100.0,100.0,10/10/2023,X,,,,,,X,,,,,,100,10/2/2023,X,,,,,,X,,,,,,100,100,1/16/2024,X,,,,,,X,,,,,,100,1/16/2024,X,,,,,,X,,,,,,100,100,,X,,,,,,X,,,,,,100,4/8/2024,X,,,,,,X,,,,,,100,100,6/11/2024,x,,,,,,x,,,,,,100,6/10/2024,X,,,,,,X,,,,,,100,100
39.0,,1.0,HUM,101,,94.0,R,95.0,1.0,,,,,NoCst-2,Beg FY22,,1,,50.0,,1,,50.0,50.0,FY22/Q1,1.0,,,100.0,1.0,,,100.0,100.0,FY22/Q2,1.0,,,100.0,,1,,50.0,75.0,FY22/Q3,X,,,,,X,,,,,100.0,X,,,,,X,,,,,100.0,100.0,FY22/Q4,x,,,,,x,,,,,100.0,x,,,,,x,,,,,100,100,FY23/Q1,X,,,,,X,,,,,100.0,X,,,,,X,,,,,100.0,100.0,FY23/Q2,X,,,,,X,,,,,100.0,X,,,,,X,,,,,100.0,100.0,FY23/Q3,X,,,,,X,,,,,100.0,X,,,,,X,,,,,100.0,100.0,FY23/Q4,X,,,,,X,,,,,100.0,X,,,,,X,,,,,100.0,100.0,10/10/2023,X,,,,,,X,,,,,,100,10/2/2023,X,,,,,,X,,,,,,100,100,1/16/2024,X,,,,,,X,,,,,,100,1/16/2024,X,,,,,,X,,,,,,100,100,,X,,,,,,X,,,,,,100,4/8/2024,X,,,,,,X,,,,,,100,100,6/11/2024,x,,,,,,x,,,,,,100,6/10/2024,X,,,,,,X,,,,,,100,100
40.0,,1.0,HUM,101,,95.0,R,96.0,1.0,,,,,NoCst-2,Beg FY22,1.0,,,100.0,1.0,,,100.0,100.0,FY22/Q1,1.0,,,100.0,1.0,,,100.0,100.0,FY22/Q2,1.0,,,100.0,1.0,,,100.0,100.0,FY22/Q3,X,,,,,X,,,,,100.0,X,,,,,X,,,,,100.0,100.0,FY22/Q4,x,,,,,x,,,,,100.0,x,,,,,x,,,,,100,100,FY23/Q1,X,,,,,X,,,,,100.0,X,,,,,X,,,,,100.0,100.0,FY23/Q2,X,,,,,X,,,,,100.0,X,,,,,X,,,,,100.0,100.0,FY23/Q3,X,,,,,X,,,,,100.0,X,,,,,X,,,,,100.0,100.0,FY23/Q4,X,,,,,X,,,,,100.0,X,,,,,X,,,,,100.0,100.0,10/10/2023,X,,,,,,X,,,,,,100,10/2/2023,X,,,,,,X,,,,,,100,100,1/16/2024,X,,,,,,X,,,,,,100,1/16/2024,X,,,,,,X,,,,,,100,100,,X,,,,,,X,,,,,,100,4/8/2024,X,,,,,,X,,,,,,100,100,6/11/2024,x,,,,,,x,,,,,,100,6/10/2024,X,,,,,,X,,,,,,100,100
41.0,,1.0,HUM,101,,96.0,R,97.0,1.0,,,,,NoCst-2,Beg FY22,1.0,,,100.0,1.0,,,100.0,100.0,FY22/Q1,1.0,,,100.0,1.0,,,100.0,100.0,FY22/Q2,1.0,,,100.0,,,1.0,0.0,50.0,FY22/Q3,X,,,,,X,,,,,100.0,X,,,,,X,,,,,100.0,100.0,FY22/Q4,x,,,,,x,,,,,100.0,x,,,,,x,,,,,100,100,FY23/Q1,X,,,,,X,,,,,100.0,X,,,,,X,,,,,100.0,100.0,FY23/Q2,X,,,,,X,,,,,100.0,X,,,,,X,,,,,100.0,100.0,FY23/Q3,X,,,,,X,,,,,100.0,X,,,,,X,,,,,100.0,100.0,FY23/Q4,X,,,,,X,,,,,100.0,X,,,,,X,,,,,100.0,100.0,10/10/2023,X,,,,,,X,,,,,,100,10/2/2023,X,,,,,,X,,,,,,100,100,1/16/2024,X,,,,,,X,,,,,,100,1/16/2024,X,,,,,,X,,,,,,100,100,,X,,,,,,X,,,,,,100,4/8/2024,X,,,,,,X,,,,,,100,100,6/11/2024,x,,,,,,x,,,,,,100,6/10/2024,X,,,,,,X,,,,,,100,100
42.0,,1.0,MEN,101,,18.0, ,19.0,1.0,,,,,LoMt-2,Beg FY22,1.0,,,100.0,1.0,,,100.0,100.0,FY22/Q1,,1,,50.0,,1,,50.0,50.0,FY22/Q2,1.0,,,100.0,,1,,50.0,75.0,FY22/Q3,X,,,,,X,,,,,100.0,X,,,,,X,,,,,100.0,100.0,FY22/Q4,x,,,,,x,,,,,100.0,x,,,,,x,,,,,100,100,FY23/Q1,X,,,,,X,,,,,100.0,X,,,,,X,,,,,100.0,100.0,FY23/Q2,X,,,,,X,,,,,100.0,X,,,,,X,,,,,100.0,100.0,FY23/Q3,X,,,,,X,,,,,100.0,X,,,,,X,,,,,100.0,100.0,FY23/Q4,X,,,,,X,,,,,100.0,X,,,,,X,,,,,100.0,100.0,10/10/2023,X,,,,,,X,,,,,,100,10/2/2023,X,,,,,,,X,,,,RS,75,88,1/16/2024,X,,,,,,X,,,,,,100,1/16/2024,X,,,,,,X,,,,,,100,100,,X,,,,,,X,,,,,,100,4/8/2024,X,,,,,,X,,,,,,100,100,6/11/2024,x,,,,,,x,,,,,,100,6/10/2024,X,,,,,,X,,,,,,100,100
43.0,,1.0,MEN,101,,19.0,,20.0,1.0,,,,,LoMt-2,Beg FY22,1.0,,,100.0,1.0,,,100.0,100.0,FY22/Q1,,1,,50.0,1.0,,,100.0,75.0,FY22/Q2,1.0,,,100.0,1.0,,,100.0,100.0,FY22/Q3,X,,,,,X,,,,,100.0,X,,,,,X,,,,,100.0,100.0,FY22/Q4,x,,,,,x,,,,,100.0,x,,,,,x,,,,,100,100,FY23/Q1,X,,,,,X,,,,,100.0,X,,,,,X,,,,,100.0,100.0,FY23/Q2,X,,,,,X,,,,,100.0,X,,,,,X,,,,,100.0,100.0,FY23/Q3,X,,,,,X,,,,,100.0,X,,,,,X,,,,,100.0,100.0,FY23/Q4,X,,,,,X,,,,,100.0,X,,,,,X,,,,,100.0,100.0,10/10/2023,X,,,,,,X,,,,,,100,10/2/2023,X,,,,,,X,,,,,,100,100,1/16/2024,X,,,,,,X,,,,,,100,1/16/2024,X,,,,,,X,,,,,,100,100,,X,,,,,,X,,,,,,100,4/8/2024,X,,,,,,X,,,,,,100,100,6/11/2024,x,,,,,,x,,,,,,100,6/10/2024,X,,,,,,X,,,,,,100,100
44.0,,1.0,MEN,101,,20.0,,21.0,1.0,,,,,LoMt-2,Beg FY22,1.0,,,100.0,1.0,,,100.0,100.0,FY22/Q1,1.0,,,100.0,,,1.0,0.0,50.0,FY22/Q2,1.0,,,100.0,,,1.0,0.0,50.0,FY22/Q3,X,,,,,X,,,,,100.0,X,,,,,X,,,,,100.0,100.0,FY22/Q4,x,,,,,x,,,,,100.0,x,,,,,x,,,,,100,100,FY23/Q1,X,,,,,X,,,,,100.0,X,,,,,X,,,,,100.0,100.0,FY23/Q2,X,,,,,X,,,,,100.0,X,,,,,X,,,,,100.0,100.0,FY23/Q3,X,,,,,X,,,,,100.0,X,,,,,X,,,,,100.0,100.0,FY23/Q4,X,,,,,X,,,,,100.0,X,,,,,X,,,,,100.0,100.0,10/10/2023,X,,,,,,X,,,,,,100,10/2/2023,X,,,,,,X,,,,,,100,100,1/16/2024,X,,,,,,X,,,,,,100,1/16/2024,X,,,,,,X,,,,,,100,100,,X,,,,,,X,,,,,,100,4/8/2024,X,,,,,,X,,,,,,100,100,6/11/2024,x,,,,,,x,,,,,,100,6/10/2024,X,,,,,,X,,,,,,100,100
45.0,,1.0,MEN,101,,21.0,,22.0,1.0,,,,,LoMt-2,Beg FY22,1.0,,,100.0,1.0,,,100.0,100.0,FY22/Q1,1.0,,,100.0,,1,,50.0,75.0,FY22/Q2,,,1.0,0.0,,1,,50.0,25.0,FY22/Q3,X,,,,,X,,,,,100.0,X,,,,,X,,,,,100.0,100.0,FY22/Q4,x,,,,,x,,,,,100.0,x,,,,,x,,,,,100,100,FY23/Q1,X,,,,,X,,,,,100.0,X,,,,,X,,,,,100.0,100.0,FY23/Q2,X,,,,,X,,,,,100.0,X,,,,,,,X,,X,50.0,75.0,FY23/Q3,X,,,,,X,,,,,100.0,X,,,,,X,,,,,100.0,100.0,FY23/Q4,X,,,,,X,,,,,100.0,X,,,,,X,,,,,100.0,100.0,10/10/2023,X,,,,,,X,,,,,,100,10/2/2023,X,,,,,,X,,,,,,100,100,1/16/2024,X,,,,,,X,,,,,,100,1/16/2024,X,,,,,,X,,,,,,100,100,,X,,,,,,X,,,,,,100,4/8/2024,X,,,,,,X,,,,,,100,100,6/11/2024,x,,,,,,x,,,,,,100,6/10/2024,X,,,,,,X,,,,,,100,100
46.0,,1.0,MEN,101,,22.0,,23.0,1.0,,,,,LoMt-2,Beg FY22,,1,,50.0,,1,,50.0,50.0,FY22/Q1,1.0,,,100.0,,,1.0,0.0,50.0,FY22/Q2,,,1.0,0.0,,1,,50.0,25.0,FY22/Q3,X,,,,,X,,,,,100.0,X,,,,,X,,,,,100.0,100.0,FY22/Q4,x,,,,,x,,,,,100.0,x,,,,,x,,,,,100,100,FY23/Q1,X,,,,,X,,,,,100.0,X,,,,,X,,,,,100.0,100.0,FY23/Q2,X,,,,,X,,,,,100.0,X,,,,,x,,,,,100.0,100.0,FY23/Q3,X,,,,,X,,,,,100.0,X,,,,,X,,,,,100.0,100.0,FY23/Q4,X,,,,,X,,,,,100.0,X,,,,,X,,,,,100.0,100.0,10/10/2023,X,,,,,,X,,,,,,100,10/2/2023,X,,,,,,,X,,,,M,75,88,1/16/2024,X,,,,,,X,,,,,,100,1/16/2024,X,,,,,,X,,,,,,100,100,,X,,,,,,X,,,,,,100,4/8/2024,X,,,,,,X,,,,,,100,100,6/11/2024,x,,,,,,x,,,,,,100,6/10/2024,X,,,,,,X,,,,,,100,100
47.0,,1.0,MEN,101,,23.0,,24.0,1.0,,,,,LoMt-2,Beg FY22,,1,,50.0,,1,,50.0,50.0,FY22/Q1,,,1.0,0.0,,,1.0,0.0,0.0,FY22/Q2,1.0,,,100.0,,,1.0,0.0,50.0,FY22/Q3,X,,,,,X,,,,,100.0,X,,,,,X,,,,,100.0,100.0,FY22/Q4,x,,,,,x,,,,,100.0,x,,,,,x,,,,,100,100,FY23/Q1,X,,,,,X,,,,,100.0,X,,,,,X,,,,,100.0,100.0,FY23/Q2,X,,,,,X,,,,,100.0,X,,,,,X,,,,,100.0,100.0,FY23/Q3,X,,,,,X,,,,,100.0,X,,,,,X,,,,,100.0,100.0,FY23/Q4,X,,,,,X,,,,,100.0,X,,,,,X,,,,,100.0,100.0,10/10/2023,X,,,,,,X,,,,,,100,10/2/2023,X,,,,,,,X,,,,M,75,88,1/16/2024,X,,,,1.0,,X,,,,,,100,1/16/2024,X,,,,,,,X,,,X,,75,88,,,,,X,,,,,,X,,,#DIV/0!,4/8/2024,X,,,,,,X,,,,,,100,#DIV/0!,6/11/2024,x,,,,,,x,,,,,,100,6/10/2024,X,,,,,,,X,,,X,,75,88
48.0,,1.0,MEN,101,,24.0,,25.0,1.0,,,,,LoMt-2,Beg FY22,,1,,50.0,,1,,50.0,50.0,FY22/Q1,,1,,50.0,,1,,50.0,50.0,FY22/Q2,1.0,,,100.0,1.0,,,100.0,100.0,FY22/Q3,X,,,,,X,,,,,100.0,X,,,,,X,,,,,100.0,100.0,FY22/Q4,x,,,,,x,,,,,100.0,x,,,,,x,,,,,100,100,FY23/Q1,X,,,,,X,,,,,100.0,X,,,,,X,,,,,100.0,100.0,FY23/Q2,X,,,,,X,,,,,100.0,,X,,,,X,,,,,75.0,88.0,FY23/Q3,X,,,,,X,,,,,100.0,X,,,,,X,,,,,100.0,100.0,FY23/Q4,X,,,,,X,,,,,100.0,X,,,,,X,,,,,100.0,100.0,10/10/2023,X,,,,,,X,,,,,,100,10/2/2023,X,,,,,,,X,,,X,,75,88,1/16/2024,X,,,,,,X,,,,,,100,1/16/2024,X,,,,,,,X,,,,R,75,88,,,,,X,,,,,,X,,,#DIV/0!,4/8/2024,X,,,,,,,X,,,,S,75,#DIV/0!,6/11/2024,x,,,,,,x,,,,,,100,6/10/2024,X,,,,,,X,,,,,,100,100
49.0,,1.0,MEN,101,,25.0,,26.0,1.0,,,,,LoMt-2,Beg FY22,,1,,50.0,,1,,50.0,50.0,FY22/Q1,,,1.0,0.0,,,1.0,0.0,0.0,FY22/Q2,,,1.0,0.0,1.0,,,100.0,50.0,FY22/Q3,X,,,,,X,,,,,100.0,X,,,,,X,,,,,100.0,100.0,FY22/Q4,x,,,,,x,,,,,100.0,x,,,,,x,,,,,100,100,FY23/Q1,X,,,,,X,,,,,100.0,X,,,,,,X,,,,75.0,88.0,FY23/Q2,X,,,,,X,,,,,100.0,X,,,,,,X,,,,75.0,88.0,FY23/Q3,X,,,,,X,,,,,100.0,X,,,,,X,,,,,100.0,100.0,FY23/Q4,X,,,,,X,,,,,100.0,X,,,,,,X,,,,75.0,88.0,10/10/2023,X,,,,,,X,,,,,,100,10/2/2023,X,,,,,,,X,,,,RS,75,88,1/16/2024,X,,,,,,X,,,,,,100,1/16/2024,X,,,,,,,X,,,,M,75,88,,X,,,,,,X,,,,,,100,4/8/2024,X,,,,,,X,,,,,,100,100,6/11/2024,x,,,,,,x,,,,,,100,6/10/2024,X,,,,,,X,,,,,,100,100
50.0,,1.0,MEN,101,,26.0,,27.0,1.0,,,,,LoMt-2,Beg FY22,1.0,,,100.0,1.0,,,100.0,100.0,FY22/Q1,,,1.0,0.0,,1,,50.0,25.0,FY22/Q2,1.0,,,100.0,,,1.0,0.0,50.0,FY22/Q3,X,,,,,X,,,,,100.0,X,,,,,X,,,,,100.0,100.0,FY22/Q4,x,,,,,x,,,,,100.0,x,,,,,x,,,,,100,100,FY23/Q1,X,,,,,X,,,,,100.0,X,,,,,X,,,,,100.0,100.0,FY23/Q2,X,,,,,,X,,,,75.0,,X,,,,,X,,,,50.0,63.0,FY23/Q3,X,,,,,X,,,,,100.0,X,,,,,X,,,,,100.0,100.0,FY23/Q4,X,,,,,X,,,,,100.0,X,,,,,X,,,,,100.0,100.0,10/10/2023,X,,,,,,X,,,,,,100,10/2/2023,X,,,,,,X,,,,,,100,100,1/16/2024,X,,,,,,X,,,,,,100,1/16/2024,X,,,,,,,X,,,,M,75,88,,X,,,,,,X,,,,,,100,4/8/2024,X,,,,,,,X,,,,S,75,88,6/11/2024,x,,,,,,x,,,,,,100,6/10/2024,X,,,,,,X,,,,,,100,100
51.0,,1.0,MEN,101,,27.0,,28.0,1.0,,,,,LoMt-2,Beg FY22,,1,,50.0,,1,,50.0,50.0,FY22/Q1,,,1.0,0.0,,,1.0,0.0,0.0,FY22/Q2,,1,,50.0,1.0,,,100.0,75.0,FY22/Q3,X,,,,,X,,,,,100.0,X,,,,,X,,,,,100.0,100.0,FY22/Q4,x,,,,,x,,,,,100.0,x,,,,,x,,,,,100,100,FY23/Q1,X,,,,,X,,,,,100.0,X,,,,,X,,,,,100.0,100.0,FY23/Q2,X,,,,,X,,,,,100.0,X,,,,,X,,,,,100.0,100.0,FY23/Q3,X,,,,,X,,,,,100.0,X,,,,,X,,,,,100.0,100.0,FY23/Q4,X,,,,,X,,,,,100.0,X,,,,,,X,,,,75.0,88.0,10/10/2023,X,,,,,,X,,,,,,100,10/2/2023,X,,,,,,X,,,,,,100,100,1/16/2024,X,,,,,,X,,,,,,100,1/16/2024,X,,,,,,X,,,,,,100,100,,X,,,,,,X,,,,,,100,4/8/2024,X,,,,,,X,,,,,,100,100,6/11/2024,x,,,,,,x,,,,,,100,6/10/2024,X,,,,,,X,,,,,,100,100
52.0,,1.0,MEN,101,,28.0,,29.0,1.0,,,,,LoMt-2,Beg FY22,,1,,50.0,,1,,50.0,50.0,FY22/Q1,,,1.0,0.0,1.0,,,100.0,50.0,FY22/Q2,,1,,50.0,,,1.0,0.0,25.0,FY22/Q3,X,,,,,X,,,,,100.0,X,,,,,X,,,,,100.0,100.0,FY22/Q4,x,,,,,x,,,,,100.0,x,,,,,x,,,,,100,100,FY23/Q1,X,,,,,X,,,,,100.0,X,,,,,,X,,,,75.0,88.0,FY23/Q2,X,,,,,X,,,,,100.0,X,,,,,,X,,,,75.0,88.0,FY23/Q3,X,,,,,X,,,,,100.0,X,,,,,X,,,,,100.0,100.0,FY23/Q4,X,,,,,X,,,,,100.0,X,,,,,X,,,,,100.0,100.0,10/10/2023,X,,,,,,X,,,,,,100,10/2/2023,X,,,,,,,X,,,,RS,75,88,1/16/2024,X,,,,,,X,,,,,,100,1/16/2024,X,,,,,,X,,,,,,100,100,,X,,,,,,X,,,,,,100,4/8/2024,X,,,,,,X,,,,,,100,100,6/11/2024,x,,,,,,x,,,,,,100,6/10/2024,X,,,,,,X,,,,,,100,100
53.0,,1.0,MEN,101,,29.0,,30.0,1.0,,,,,LoMt-2,Beg FY22,,1,,50.0,,1,,50.0,50.0,FY22/Q1,1.0,,,100.0,,1,,50.0,75.0,FY22/Q2,,,1.0,0.0,1.0,,,100.0,50.0,FY22/Q3,X,,,,,X,,,,,100.0,X,,,,,X,,,,,100.0,100.0,FY22/Q4,x,,,,,x,,,,,100.0,x,,,,,x,,,,,100,100,FY23/Q1,X,,,,,X,,,,,100.0,X,,,,,X,,,,,100.0,100.0,FY23/Q2,X,,,,,X,,,,,100.0,X,,,,,X,,,,,100.0,100.0,FY23/Q3,X,,,,,X,,,,,100.0,X,,,,,X,,,,,100.0,100.0,FY23/Q4,X,,,,,X,,,,,100.0,X,,,,,X,,,,,100.0,100.0,10/10/2023,X,,,,,,X,,,,,,100,10/2/2023,X,,,,,,,,X,,,"RS,M",50,75,1/16/2024,X,,,,,,X,,,,,,100,1/16/2024,X,,,,,,,,X,,,S,50,75,,X,,,,,,X,,,,,,100,4/8/2024,X,,,,,,X,,,,,,100,100,6/11/2024,x,,,,,,x,,,,,,100,6/10/2024,X,,,,,,X,,,,,,100,100
54.0,,1.0,MEN,101,,30.0,,31.0,1.0,,,,,LoMt-2,Beg FY22,,1,,50.0,,1,,50.0,50.0,FY22/Q1,,,1.0,0.0,,1,,50.0,25.0,FY22/Q2,,,1.0,0.0,,,1.0,0.0,0.0,FY22/Q3,X,,,,,X,,,,,100.0,X,,,,,X,,,,,100.0,100.0,FY22/Q4,x,,,,,x,,,,,100.0,x,,,,,x,,,,,100,100,FY23/Q1,,X,,,,X,,,,,75.0,X,,,,,X,,,,,100.0,88.0,FY23/Q2,X,,,,,X,,,,,100.0,X,,,,,X,,,,,100.0,100.0,FY23/Q3,X,,,,,X,,,,,100.0,X,,,,,X,,,,,100.0,100.0,FY23/Q4,X,,,,,X,,,,,100.0,X,,,,,,X,,,,75.0,88.0,10/10/2023,X,,,,,,X,,,,,,100,10/2/2023,X,,,,,,,X,,,,M,75,88,1/16/2024,X,,,,,,X,,,,,,100,1/16/2024,X,,,,,,X,,,,,,100,100,,X,,,,,,X,,,,,,100,4/8/2024,X,,,,,,X,,,,,,100,100,6/11/2024,,,,x,,,,,,x,,SH,#DIV/0!,6/10/2024,,,,X,,,,,,X,,,#DIV/0!,#DIV/0!
55.0,,1.0,MEN,101,,31.0,,32.0,1.0,,,,,LoMt-2,Beg FY22,,,1.0,0.0,,,1.0,0.0,0.0,FY22/Q1,1.0,,,100.0,,1,,50.0,75.0,FY22/Q2,,,1.0,0.0,,,1.0,0.0,0.0,FY22/Q3,X,,,,,X,,,,,100.0,X,,,,,X,,,,,100.0,100.0,FY22/Q4,x,,,,,x,,,,,100.0,x,,,,,x,,,,,100,100,FY23/Q1,X,,,,,X,,,,,100.0,X,,,,,X,,,,,100.0,100.0,FY23/Q2,X,,,,,X,,,,,100.0,,X,,,,,X,,,,50.0,75.0,FY23/Q3,X,,,,,X,,,,,100.0,X,,,,,X,,,,,100.0,100.0,FY23/Q4,X,,,,,X,,,,,100.0,X,,,,,X,,,,,100.0,100.0,10/10/2023,X,,,,,,X,,,,,,100,10/2/2023,X,,,,,,,X,,,,M,75,88,1/16/2024,X,,,,,,X,,,,,,100,1/16/2024,X,,,,,,X,,,,,,100,100,,X,,,,,,X,,,,,,100,4/8/2024,X,,,,,,X,,,,,,100,100,6/11/2024,,,,x,,,,,,x,,,#DIV/0!,6/10/2024,,,,X,,,,,,X,,,#DIV/0!,#DIV/0!
56.0,,1.0,MEN,101,,32.0,,33.0,1.0,,,,,LoMt-2,Beg FY22,,1,,50.0,,1,,50.0,50.0,FY22/Q1,1.0,,,100.0,,1,,50.0,75.0,FY22/Q2,,1,,50.0,,1,,50.0,50.0,FY22/Q3,X,,,,,X,,,,,100.0,X,,,,,X,,,,,100.0,100.0,FY22/Q4,x,,,,,x,,,,,100.0,x,,,,,x,,,,,100,100,FY23/Q1,X,,,,,X,,,,,100.0,X,,,,,X,,,,,100.0,100.0,FY23/Q2,X,,,,,X,,,,,100.0,X,,,,,X,,,,,100.0,100.0,FY23/Q3,X,,,,,X,,,,,100.0,X,,,,,X,,,,,100.0,100.0,FY23/Q4,X,,,,,X,,,,,100.0,X,,,,,X,,,,,100.0,100.0,10/10/2023,X,,,,,,X,,,,,,100,10/2/2023,X,,,,,,,X,,,,RS,75,88,1/16/2024,X,,,,,,X,,,,,,100,1/16/2024,X,,,,,,X,,,,,,100,100,,X,,,,,,X,,,,,,100,4/8/2024,,X,,,,"R,S,M",X,,,,,,75,88,6/11/2024,,,,x,,,,,,x,,,#DIV/0!,6/10/2024,,,,X,,,,,,X,,,#DIV/0!,#DIV/0!
57.0,,1.0,MEN,101,,33.0,,34.0,1.0,,,,,LoMt-2,Beg FY22,1.0,,,100.0,1.0,,,100.0,100.0,FY22/Q1,1.0,,,100.0,1.0,,,100.0,100.0,FY22/Q2,1.0,,,100.0,1.0,,,100.0,100.0,FY22/Q3,X,,,,,X,,,,,100.0,X,,,,,X,,,,,100.0,100.0,FY22/Q4,x,,,,,x,,,,,100.0,x,,,,,x,,,,,100,100,FY23/Q1,X,,,,,X,,,,,100.0,X,,,,,X,,,,,100.0,100.0,FY23/Q2,X,,,,,X,,,,,100.0,X,,,,,X,,,,,100.0,100.0,FY23/Q3,X,,,,,X,,,,,100.0,,X,,,,X,,,,,75.0,88.0,FY23/Q4,X,,,,,X,,,,,100.0,X,,,,,X,,,,,100.0,100.0,10/10/2023,X,,,,,,,,X,,,,50,10/2/2023,X,,,,,,X,,,,,,100,75,1/16/2024,X,,,,,,X,,,,,,100,1/16/2024,X,,,,,,X,,,,,,100,100,,,,,X,,,,,,X,,,#DIV/0!,4/8/2024,X,,,,,,X,,,,,,100,#DIV/0!,6/11/2024,,,,x,,,,,,x,,,#DIV/0!,6/10/2024,,,,X,,,,,,X,,,#DIV/0!,#DIV/0!
58.0,,1.0,MEN,101,,34.0,R,35.0,1.0,,,,,LoMt-2,Beg FY22,1.0,,,100.0,1.0,,,100.0,100.0,FY22/Q1,1.0,,,100.0,1.0,,,100.0,100.0,FY22/Q2,,1,,50.0,1.0,,,100.0,75.0,FY22/Q3,X,,,,,X,,,,,100.0,X,,,,,X,,,,,100.0,100.0,FY22/Q4,x,,,,,x,,,,,100.0,x,,,,,x,,,,,100,100,FY23/Q1,X,,,,,X,,,,,100.0,X,,,,,X,,,,,100.0,100.0,FY23/Q2,X,,,,,X,,,,,100.0,X,,,,,X,,,,,100.0,100.0,FY23/Q3,X,,,,,X,,,,,100.0,X,,,,,X,,,,,100.0,100.0,FY23/Q4,X,,,,,X,,,,,100.0,X,,,,,X,,,,,100.0,100.0,10/10/2023,,,,X,,,,,,X,,,#DIV/0!,10/2/2023,,,,X,,,,,,X,,,#DIV/0!,#DIV/0!,1/16/2024,,,,X,,,,,,X,,,#DIV/0!,1/16/2024,,X,,,,S,X,,,,,,75,#DIV/0!,,,,,X,,,,,,X,,,#DIV/0!,4/8/2024,X,,,,,,X,,,,,,100,#DIV/0!,,,,,x,,,,,,x,,,#DIV/0!,6/10/2024,,,,X,,,,,,X,,,#DIV/0!,#DIV/0!
