,ID,DIST,CO,RTE,PF1,BEGPM,PF1.1,ENDPM,Length,MAINT_DIST,MAINT_RGN,DIST_RGN,BUDGET ZONE,FY/Q,"NB/EB
Pass","NB/EB
Need 1","NB/EB
Need 2","NB/EB
Construction","NB/EB
Encampments","SB/WB
Pass","SB/WB
Need 1","SB/WB
Need 2","SB/WB
Construction","SB/WB
Encampments",District LOS Score,"NB/EB
Pass.1","NB/EB
Need 1.1","NB/EB
Need 2.1","NB/EB
Construction.1","NB/EB
Encampments.1","SB/WB
Pass.1","SB/WB
Need 1.1","SB/WB
Need 2.1","SB/WB
Construction.1","SB/WB
Encampments.1",RA LOS Score,Average LOS score
0,1.0,3.0,COL,5.0,R,0.0,R,1.0,1.0,3.0,District 3 - Sunrise Region,District 3 - Sunrise Region,InVal-4,FY23/Q3,1,,,,,1,,,,,100.0,X,,,,,X,,,,,100.0,100.0
1,2.0,3.0,COL,5.0,R,1.0,R,2.0,1.0,3.0,District 3 - Sunrise Region,District 3 - Sunrise Region,InVal-4,FY23/Q3,1,,,,,1,,,,,100.0,X,,,,,X,,,,,100.0,100.0
2,3.0,3.0,COL,5.0,R,2.0,R,3.0,1.0,3.0,District 3 - Sunrise Region,District 3 - Sunrise Region,InVal-4,FY23/Q3,,1.0,,,,1,,,,,75.0,X,,,,,X,,,,,100.0,88.0
3,4.0,3.0,COL,5.0,R,3.0,R,4.0,1.0,3.0,District 3 - Sunrise Region,District 3 - Sunrise Region,InVal-4,FY23/Q3,1,,,,,1,,,,,100.0,X,,,,,X,,,,,100.0,100.0
4,5.0,3.0,COL,5.0,R,4.0,R,5.0,1.0,3.0,District 3 - Sunrise Region,District 3 - Sunrise Region,InVal-4,FY23/Q3,1,,,,,1,,,,,100.0,X,,,,,X,,,,,100.0,100.0
5,6.0,3.0,COL,5.0,R,5.0,R,6.0,1.0,3.0,District 3 - Sunrise Region,District 3 - Sunrise Region,InVal-4,FY23/Q3,1,,,,,1,,,,,100.0,X,,,,,X,,,,,100.0,100.0
6,7.0,3.0,COL,5.0,R,6.0,R,7.0,1.0,3.0,District 3 - Sunrise Region,District 3 - Sunrise Region,InVal-4,FY23/Q3,1,,,,,1,,,,,100.0,X,,,,,X,,,,,100.0,100.0
7,8.0,3.0,COL,5.0,R,7.0,R,8.0,1.0,3.0,District 3 - Sunrise Region,District 3 - Sunrise Region,InVal-4,FY23/Q3,,1.0,,,,1,,,,,75.0,X,,,,,X,,,,,100.0,88.0
8,9.0,3.0,COL,5.0,R,8.0,R,9.0,1.0,3.0,District 3 - Sunrise Region,District 3 - Sunrise Region,InVal-4,FY23/Q3,1,,,,,1,,,,,100.0,X,,,,,X,,,,,100.0,100.0
9,10.0,3.0,COL,5.0,R,9.0,R,10.0,1.0,3.0,District 3 - Sunrise Region,District 3 - Sunrise Region,InVal-4,FY23/Q3,1,,,,,1,,,,,100.0,X,,,,,X,,,,,100.0,100.0
10,11.0,3.0,COL,5.0,R,10.0,R,11.0,1.0,3.0,District 3 - Sunrise Region,District 3 - Sunrise Region,InVal-4,FY23/Q3,1,,,,,1,,,,,100.0,X,,,,,X,,,,,100.0,100.0
11,12.0,3.0,COL,5.0,R,11.0,R,12.0,1.0,3.0,District 3 - Sunrise Region,District 3 - Sunrise Region,InVal-4,FY23/Q3,1,,,,,1,,,,,100.0,X,,,,,X,,,,,100.0,100.0
12,13.0,3.0,COL,5.0,R,12.0,R,13.0,1.0,3.0,District 3 - Sunrise Region,District 3 - Sunrise Region,InVal-4,FY23/Q3,1,,,,,1,,,,,100.0,X,,,,,X,,,,,100.0,100.0
13,14.0,3.0,COL,5.0,R,13.0,R,14.0,1.0,3.0,District 3 - Sunrise Region,District 3 - Sunrise Region,InVal-4,FY23/Q3,1,,,,,1,,,,,100.0,X,,,,,X,,,,,100.0,100.0
14,15.0,3.0,COL,5.0,R,14.0,R,15.0,1.0,3.0,District 3 - Sunrise Region,District 3 - Sunrise Region,InVal-4,FY23/Q3,1,,,,,1,,,,,100.0,X,,,,,X,,,,,100.0,100.0
15,16.0,3.0,COL,5.0,R,15.0,R,16.0,1.0,3.0,District 3 - Sunrise Region,District 3 - Sunrise Region,InVal-4,FY23/Q3,1,,,,,1,,,,,100.0,X,,,,,X,,,,,100.0,100.0
16,17.0,3.0,COL,5.0,R,16.0,R,17.0,1.0,3.0,District 3 - Sunrise Region,District 3 - Sunrise Region,InVal-4,FY23/Q3,1,,,,,1,,,,,100.0,X,,,,,X,,,,,100.0,100.0
17,18.0,3.0,COL,5.0,R,17.0,R,18.0,1.0,3.0,District 3 - Sunrise Region,District 3 - Sunrise Region,InVal-4,FY23/Q3,1,,,,,1,,,,,100.0,X,,,,,X,,,,,100.0,100.0
18,19.0,3.0,COL,5.0,R,18.0,R,19.0,1.0,3.0,District 3 - Sunrise Region,District 3 - Sunrise Region,InVal-4,FY23/Q3,1,,,,,1,,,,,100.0,X,,,,,X,,,,,100.0,100.0
19,20.0,3.0,COL,5.0,R,19.0,R,20.0,1.0,3.0,District 3 - Sunrise Region,District 3 - Sunrise Region,InVal-4,FY23/Q3,1,,,,,1,,,,,100.0,X,,,,,X,,,,,100.0,100.0
20,21.0,3.0,COL,5.0,R,20.0,R,21.0,1.0,3.0,District 3 - Sunrise Region,District 3 - Sunrise Region,InVal-4,FY23/Q3,1,,,,,1,,,,,100.0,X,,,,,X,,,,,100.0,100.0
21,22.0,3.0,COL,5.0,R,21.0,R,22.0,1.0,3.0,District 3 - Sunrise Region,District 3 - Sunrise Region,InVal-4,FY23/Q3,1,,,,,1,,,,,100.0,X,,,,,X,,,,,100.0,100.0
22,23.0,3.0,COL,5.0,R,22.0,R,23.0,1.0,3.0,District 3 - Sunrise Region,District 3 - Sunrise Region,InVal-4,FY23/Q3,1,,,,,1,,,,,100.0,X,,,,,X,,,,,100.0,100.0
23,24.0,3.0,COL,5.0,R,23.0,R,24.0,1.0,3.0,District 3 - Sunrise Region,District 3 - Sunrise Region,InVal-4,FY23/Q3,1,,,,,1,,,,,100.0,X,,,,,X,,,,,100.0,100.0
24,25.0,3.0,COL,5.0,R,24.0,R,25.0,1.0,3.0,District 3 - Sunrise Region,District 3 - Sunrise Region,InVal-4,FY23/Q3,1,,,,,1,,,,,100.0,X,,,,,X,,,,,100.0,100.0
25,26.0,3.0,COL,5.0,R,25.0,R,26.0,1.0,3.0,District 3 - Sunrise Region,District 3 - Sunrise Region,InVal-4,FY23/Q3,1,,,,,1,,,,,100.0,X,,,,,X,,,,,100.0,100.0
26,27.0,3.0,COL,5.0,R,26.0,R,27.0,1.0,3.0,District 3 - Sunrise Region,District 3 - Sunrise Region,InVal-4,FY23/Q3,1,,,,,1,,,,,100.0,X,,,,,X,,,,,100.0,100.0
27,28.0,3.0,COL,5.0,R,27.0,R,28.0,1.0,3.0,District 3 - Sunrise Region,District 3 - Sunrise Region,InVal-4,FY23/Q3,1,,,,,1,,,,,100.0,X,,,,,X,,,,,100.0,100.0
28,29.0,3.0,COL,5.0,R,28.0,R,29.0,1.0,3.0,District 3 - Sunrise Region,District 3 - Sunrise Region,InVal-4,FY23/Q3,1,,,,,1,,,,,100.0,X,,,,,X,,,,,100.0,100.0
29,30.0,3.0,COL,5.0,R,29.0,R,30.0,1.0,3.0,District 3 - Sunrise Region,District 3 - Sunrise Region,InVal-4,FY23/Q3,1,,,,,1,,,,,100.0,X,,,,,X,,,,,100.0,100.0
30,31.0,3.0,COL,5.0,R,30.0,R,31.0,1.0,3.0,District 3 - Sunrise Region,District 3 - Sunrise Region,InVal-4,FY23/Q3,1,,,,,1,,,,,100.0,X,,,,,X,,,,,100.0,100.0
31,32.0,3.0,COL,5.0,R,31.0,R,32.0,1.0,3.0,District 3 - Sunrise Region,District 3 - Sunrise Region,InVal-4,FY23/Q3,1,,,,,1,,,,,100.0,X,,,,,X,,,,,100.0,100.0
32,33.0,3.0,COL,5.0,R,32.0,R,33.0,1.0,3.0,District 3 - Sunrise Region,District 3 - Sunrise Region,InVal-4,FY23/Q3,1,,,,,1,,,,,100.0,X,,,,,X,,,,,100.0,100.0
33,34.0,3.0,COL,5.0,R,33.0,R,34.0,1.0,3.0,District 3 - Sunrise Region,District 3 - Sunrise Region,InVal-4,FY23/Q3,1,,,,,1,,,,,100.0,X,,,,,X,,,,,100.0,100.0
35,35.0,3.0,GLE,5.0,R,0.0,R,1.0,1.0,3.0,District 3 - Sutter/Sierra Region,District 3 - Sutter/Sierra Region,InVal-4,FY23/Q3,1,,,,,1,,,,,100.0,X,,,,,X,,,,,100.0,100.0
36,36.0,3.0,GLE,5.0,R,1.0,R,2.0,1.0,3.0,District 3 - Sutter/Sierra Region,District 3 - Sutter/Sierra Region,InVal-4,FY23/Q3,1,,,,,1,,,,,100.0,X,,,,,X,,,,,100.0,100.0
37,37.0,3.0,GLE,5.0,R,2.0,R,3.0,1.0,3.0,District 3 - Sutter/Sierra Region,District 3 - Sutter/Sierra Region,InVal-4,FY23/Q3,1,,,,,1,,,,,100.0,X,,,,,X,,,,,100.0,100.0
38,38.0,3.0,GLE,5.0,R,3.0,R,4.0,1.0,3.0,District 3 - Sutter/Sierra Region,District 3 - Sutter/Sierra Region,InVal-4,FY23/Q3,1,,,,,1,,,,,100.0,X,,,,,X,,,,,100.0,100.0
39,39.0,3.0,GLE,5.0,R,4.0,R,5.0,1.0,3.0,District 3 - Sutter/Sierra Region,District 3 - Sutter/Sierra Region,InVal-4,FY23/Q3,1,,,,,1,,,,,100.0,X,,,,,X,,,,,100.0,100.0
40,40.0,3.0,GLE,5.0,R,5.0,R,6.0,1.0,3.0,District 3 - Sutter/Sierra Region,District 3 - Sutter/Sierra Region,InVal-4,FY23/Q3,1,,,,,1,,,,,100.0,X,,,,,X,,,,,100.0,100.0
41,41.0,3.0,GLE,5.0,R,6.0,R,7.0,1.0,3.0,District 3 - Sutter/Sierra Region,District 3 - Sutter/Sierra Region,InVal-4,FY23/Q3,1,,,,,1,,,,,100.0,X,,,,,X,,,,,100.0,100.0
42,42.0,3.0,GLE,5.0,R,7.0,R,8.0,1.0,3.0,District 3 - Sutter/Sierra Region,District 3 - Sutter/Sierra Region,InVal-4,FY23/Q3,1,,,,,1,,,,,100.0,X,,,,,X,,,,,100.0,100.0
43,43.0,3.0,GLE,5.0,R,8.0,R,9.0,1.0,3.0,District 3 - Sutter/Sierra Region,District 3 - Sutter/Sierra Region,InVal-4,FY23/Q3,1,,,,,1,,,,,100.0,X,,,,,X,,,,,100.0,100.0
44,44.0,3.0,GLE,5.0,R,9.0,R,10.0,1.0,3.0,District 3 - Sutter/Sierra Region,District 3 - Sutter/Sierra Region,InVal-4,FY23/Q3,1,,,,,1,,,,,100.0,X,,,,,X,,,,,100.0,100.0
45,45.0,3.0,GLE,5.0,R,10.0,R,11.0,1.0,3.0,District 3 - Sutter/Sierra Region,District 3 - Sutter/Sierra Region,InVal-4,FY23/Q3,1,,,,,1,,,,,100.0,X,,,,,X,,,,,100.0,100.0
46,46.0,3.0,GLE,5.0,R,11.0,R,12.0,1.0,3.0,District 3 - Sutter/Sierra Region,District 3 - Sutter/Sierra Region,InVal-4,FY23/Q3,1,,,,,1,,,,,100.0,X,,,,,X,,,,,100.0,100.0
47,47.0,3.0,GLE,5.0,R,12.0,R,13.0,1.0,3.0,District 3 - Sutter/Sierra Region,District 3 - Sutter/Sierra Region,InVal-4,FY23/Q3,1,,,,,1,,,,,100.0,X,,,,,X,,,,,100.0,100.0
48,48.0,3.0,GLE,5.0,R,13.0,R,14.0,1.0,3.0,District 3 - Sutter/Sierra Region,District 3 - Sutter/Sierra Region,InVal-4,FY23/Q3,1,,,,,1,,,,,100.0,X,,,,,X,,,,,100.0,100.0
49,49.0,3.0,GLE,5.0,R,14.0,R,15.0,1.0,3.0,District 3 - Sutter/Sierra Region,District 3 - Sutter/Sierra Region,InVal-4,FY23/Q3,1,,,,,1,,,,,100.0,X,,,,,X,,,,,100.0,100.0
50,50.0,3.0,GLE,5.0,R,15.0,R,16.0,1.0,3.0,District 3 - Sutter/Sierra Region,District 3 - Sutter/Sierra Region,InVal-4,FY23/Q3,1,,,,,1,,,,,100.0,X,,,,,X,,,,,100.0,100.0
51,51.0,3.0,GLE,5.0,R,16.0,R,17.0,1.0,3.0,District 3 - Sutter/Sierra Region,District 3 - Sutter/Sierra Region,InVal-4,FY23/Q3,1,,,,,1,,,,,100.0,X,,,,,X,,,,,100.0,100.0
52,52.0,3.0,GLE,5.0,R,17.0,R,18.0,1.0,3.0,District 3 - Sutter/Sierra Region,District 3 - Sutter/Sierra Region,InVal-4,FY23/Q3,1,,,,,1,,,,,100.0,X,,,,,X,,,,,100.0,100.0
53,53.0,3.0,GLE,5.0,R,18.0,R,19.0,1.0,3.0,District 3 - Sutter/Sierra Region,District 3 - Sutter/Sierra Region,InVal-4,FY23/Q3,1,,,,,1,,,,,100.0,X,,,,,X,,,,,100.0,100.0
54,54.0,3.0,GLE,5.0,R,19.0,R,20.0,1.0,3.0,District 3 - Sutter/Sierra Region,District 3 - Sutter/Sierra Region,InVal-4,FY23/Q3,1,,,,,1,,,,,100.0,X,,,,,X,,,,,100.0,100.0
55,55.0,3.0,GLE,5.0,R,20.0,R,21.0,1.0,3.0,District 3 - Sutter/Sierra Region,District 3 - Sutter/Sierra Region,InVal-4,FY23/Q3,1,,,,,1,,,,,100.0,X,,,,,X,,,,,100.0,100.0
56,56.0,3.0,GLE,5.0,R,21.0,R,22.0,1.0,3.0,District 3 - Sutter/Sierra Region,District 3 - Sutter/Sierra Region,InVal-4,FY23/Q3,1,,,,,1,,,,,100.0,X,,,,,X,,,,,100.0,100.0
57,57.0,3.0,GLE,5.0,R,22.0,R,23.0,1.0,3.0,District 3 - Sutter/Sierra Region,District 3 - Sutter/Sierra Region,InVal-4,FY23/Q3,1,,,,,1,,,,,100.0,X,,,,,X,,,,,100.0,100.0
58,58.0,3.0,GLE,5.0,R,23.0,R,24.0,1.0,3.0,District 3 - Sutter/Sierra Region,District 3 - Sutter/Sierra Region,InVal-4,FY23/Q3,1,,,,,1,,,,,100.0,X,,,,,X,,,,,100.0,100.0
59,59.0,3.0,GLE,5.0,R,24.0,R,25.0,1.0,3.0,District 3 - Sutter/Sierra Region,District 3 - Sutter/Sierra Region,InVal-4,FY23/Q3,1,,,,,1,,,,,100.0,X,,,,,X,,,,,100.0,100.0
60,60.0,3.0,GLE,5.0,R,25.0,R,26.0,1.0,3.0,District 3 - Sutter/Sierra Region,District 3 - Sutter/Sierra Region,InVal-4,FY23/Q3,1,,,,,1,,,,,100.0,X,,,,,X,,,,,100.0,100.0
61,61.0,3.0,GLE,5.0,R,26.0,R,27.0,1.0,3.0,District 3 - Sutter/Sierra Region,District 3 - Sutter/Sierra Region,InVal-4,FY23/Q3,1,,,,,1,,,,,100.0,X,,,,,X,,,,,100.0,100.0
62,62.0,3.0,GLE,5.0,R,27.0,R,28.0,1.0,3.0,District 3 - Sutter/Sierra Region,District 3 - Sutter/Sierra Region,InVal-4,FY23/Q3,1,,,,,1,,,,,100.0,X,,,,,X,,,,,100.0,100.0
64,63.0,3.0,SAC,5.0,,1.0,,2.0,1.0,3.0,District 3 - Sunrise Region,District 3 - Sunrise Region,InVal-5,FY23/Q3,1,,,,,1,,,,,100.0,,X,,,,,,X,,,25.0,63.0
65,64.0,3.0,SAC,5.0,,2.0,,3.0,1.0,3.0,District 3 - Sunrise Region,District 3 - Sunrise Region,InVal-5,FY23/Q3,1,,,,,,1.0,,,,75.0,X,,,,,,,X,,,50.0,63.0
66,65.0,3.0,SAC,5.0,,3.0,,4.0,1.0,3.0,District 3 - Sunrise Region,District 3 - Sunrise Region,InVal-5,FY23/Q3,1,,,,,,1.0,,,,75.0,,X,,,,,,X,,,25.0,50.0
67,66.0,3.0,SAC,5.0,,4.0,,5.0,1.0,3.0,District 3 - Sunrise Region,District 3 - Sunrise Region,InVal-5,FY23/Q3,1,,,,,1,,,,,100.0,,X,,,,,,X,,,25.0,63.0
68,67.0,3.0,SAC,5.0,,5.0,,6.0,1.0,3.0,District 3 - Sunrise Region,District 3 - Sunrise Region,InVal-5,FY23/Q3,1,,,,,,1.0,,,,75.0,,,X,,,,X,,,,25.0,50.0
69,68.0,3.0,SAC,5.0,,6.0,,7.0,1.0,3.0,District 3 - Sunrise Region,District 3 - Sunrise Region,InVal-5,FY23/Q3,1,,,,,,1.0,,,,75.0,,X,,,,,,X,,,25.0,50.0
70,69.0,3.0,SAC,5.0,,7.0,,8.0,1.0,3.0,District 3 - Sunrise Region,District 3 - Sunrise Region,InVal-5,FY23/Q3,,1.0,,,,,1.0,,,,50.0,,X,,,,,,X,,,25.0,38.0
71,70.0,3.0,SAC,5.0,,8.0,,9.0,1.0,3.0,District 3 - Sunrise Region,District 3 - Sunrise Region,InVal-5,FY23/Q3,,1.0,,,,,,1,,,25.0,X,,,,,,,X,,,50.0,38.0
72,71.0,3.0,SAC,5.0,,9.0,,10.0,1.0,3.0,District 3 - Sunrise Region,District 3 - Sunrise Region,InVal-5,FY23/Q3,1,,,,,,1.0,,,,75.0,X,,,,,X,,,,,100.0,88.0
73,72.0,3.0,SAC,5.0,,10.0,,11.0,1.0,3.0,District 3 - Sunrise Region,District 3 - Sunrise Region,InVal-5,FY23/Q3,,1.0,,,,,1.0,,,,50.0,X,,,,,,X,,,,75.0,63.0
74,73.0,3.0,SAC,5.0,,11.0,,12.0,1.0,3.0,District 3 - Sunrise Region,District 3 - Sunrise Region,InVal-5,FY23/Q3,1,,,,,1,,,,,100.0,X,,,,,X,,,,,100.0,100.0
75,74.0,3.0,SAC,5.0,,12.0,,13.0,1.0,3.0,District 3 - Sunrise Region,District 3 - Sunrise Region,InVal-5,FY23/Q3,,1.0,,,,1,,,,,75.0,X,,,,,X,,,,,100.0,88.0
76,75.0,3.0,SAC,5.0,,13.0,,14.0,1.0,3.0,District 3 - Sunrise Region,District 3 - Sunrise Region,InVal-5,FY23/Q3,1,,,,,1,,,,,100.0,X,,,,,X,,,,,100.0,100.0
77,76.0,3.0,SAC,5.0,,14.0,,15.0,1.0,3.0,District 3 - Sunrise Region,District 3 - Sunrise Region,InVal-5,FY23/Q3,1,,,,,,1.0,,,,75.0,X,,,,,X,,,,,100.0,88.0
78,77.0,3.0,SAC,5.0,,15.0,,16.0,1.0,3.0,District 3 - Sunrise Region,District 3 - Sunrise Region,InVal-5,FY23/Q3,1,,,,,,1.0,,,,75.0,,X,,,X,X,,,,,75.0,75.0
79,78.0,3.0,SAC,5.0,,16.0,,17.0,1.0,3.0,District 3 - Sunrise Region,District 3 - Sunrise Region,InVal-5,FY23/Q3,,1.0,,,,1,,,,,75.0,X,,,,,X,,,,,100.0,88.0
80,79.0,3.0,SAC,5.0,,17.0,,18.0,1.0,3.0,District 3 - Sunrise Region,District 3 - Sunrise Region,InVal-5,FY23/Q3,,1.0,,,,,1.0,,,,50.0,X,,,,,X,,,,,100.0,75.0
81,80.0,3.0,SAC,5.0,,18.0,,19.0,1.0,3.0,District 3 - Sunrise Region,District 3 - Sunrise Region,InVal-5,FY23/Q3,,1.0,,,,1,,,,,75.0,X,,,,,X,,,,,100.0,88.0
82,81.0,3.0,SAC,5.0,,19.0,,20.0,1.0,3.0,District 3 - Sunrise Region,District 3 - Sunrise Region,InVal-5,FY23/Q3,,1.0,,,,,1.0,,,,50.0,,X,,,,X,,,,,75.0,63.0
83,82.0,3.0,SAC,5.0,,20.0,,21.0,1.0,3.0,District 3 - Sunrise Region,District 3 - Sunrise Region,InVal-5,FY23/Q3,1,,,,,1,,,,,100.0,X,,,,,X,,,,,100.0,100.0
84,83.0,3.0,SAC,5.0,,21.0,,22.0,1.0,3.0,District 3 - Sunrise Region,District 3 - Sunrise Region,InVal-5,FY23/Q3,,1.0,,,,1,,,,,75.0,X,,,,,X,,,,,100.0,88.0
85,84.0,3.0,SAC,5.0,,22.0,,23.0,1.0,3.0,District 3 - Sunrise Region,District 3 - Sunrise Region,InVal-5,FY23/Q3,1,,,,,1,,,,,100.0,X,,,,,X,,,,,100.0,100.0
86,85.0,3.0,SAC,5.0,,23.0,,24.0,1.0,3.0,District 3 - Sunrise Region,District 3 - Sunrise Region,InVal-5,FY23/Q3,1,,,,,,1.0,,,,75.0,X,,,,,X,,,,,100.0,88.0
87,86.0,3.0,SAC,5.0,,24.0,,25.0,1.0,3.0,District 3 - Sunrise Region,District 3 - Sunrise Region,InVal-5,FY23/Q3,1,,,,,1,,,,,100.0,X,,,,,X,,,,,100.0,100.0
88,87.0,3.0,SAC,5.0,,25.0,,26.0,1.0,3.0,District 3 - Sunrise Region,District 3 - Sunrise Region,InVal-5,FY23/Q3,,1.0,,,,,1.0,,,,50.0,,X,,,,X,,,,,75.0,63.0
89,88.0,3.0,SAC,5.0,,26.0,,27.0,1.0,3.0,District 3 - Sunrise Region,District 3 - Sunrise Region,InVal-5,FY23/Q3,,,1,,,,1.0,,,,25.0,,,X,,,,X,,,,25.0,25.0
90,89.0,3.0,SAC,5.0,,27.0,,28.0,1.0,3.0,District 3 - Sunrise Region,District 3 - Sunrise Region,InVal-5,FY23/Q3,1,,,,,,,1,,,50.0,X,,,,,,,X,,,50.0,50.0
91,90.0,3.0,SAC,5.0,,28.0,,29.0,1.0,3.0,District 3 - Sunrise Region,District 3 - Sunrise Region,InVal-5,FY23/Q3,,,1,,,,1.0,,,,25.0,,,X,,,X,,,,,50.0,38.0
92,91.0,3.0,SAC,5.0,,29.0,,30.0,1.0,3.0,District 3 - Sunrise Region,District 3 - Sunrise Region,InVal-5,FY23/Q3,,,1,,,,,1,,,0.0,,,X,,,,,X,,,0.0,0.0
93,92.0,3.0,SAC,5.0,,30.0,,31.0,1.0,3.0,District 3 - Sunrise Region,District 3 - Sunrise Region,InVal-5,FY23/Q3,,,1,,,1,,,,,50.0,,X,,,,X,,,,,75.0,63.0
94,93.0,3.0,SAC,5.0,,31.0,,32.0,1.0,3.0,District 3 - Sunrise Region,District 3 - Sunrise Region,InVal-5,FY23/Q3,1,,,,,1,,,,,100.0,X,,,,,,X,,,,75.0,88.0
95,94.0,3.0,SAC,5.0,,32.0,,33.0,1.0,3.0,District 3 - Sunrise Region,District 3 - Sunrise Region,InVal-5,FY23/Q3,,1.0,,,,1,,,,,75.0,,X,,,,X,,,,,75.0,75.0
96,95.0,3.0,SAC,5.0,,33.0,,34.0,1.0,3.0,District 3 - Sunrise Region,District 3 - Sunrise Region,InVal-5,FY23/Q3,,,1,,,,1.0,,,,25.0,,,X,,,X,,,,,50.0,38.0
98,96.0,3.0,YOL,5.0,R,7.0,R,8.0,1.0,3.0,District 3 - Sunrise Region,District 3 - Sunrise Region,InVal-4,FY23/Q3,,1.0,,,1.0,,1.0,,,,50.0,,X,,,X,X,,,,,75.0,63.0
99,97.0,3.0,YOL,5.0,R,8.0,R,9.0,1.0,3.0,District 3 - Sunrise Region,District 3 - Sunrise Region,InVal-4,FY23/Q3,,,1,,,,1.0,,,,25.0,X,,,,,,X,,,,75.0,50.0
100,98.0,3.0,YOL,5.0,R,9.0,R,10.0,1.0,3.0,District 3 - Sunrise Region,District 3 - Sunrise Region,InVal-4,FY23/Q3,,,1,,,,1.0,,,,25.0,X,,,,,,,X,,,50.0,38.0
101,99.0,3.0,YOL,5.0,R,10.0,R,11.0,1.0,3.0,District 3 - Sunrise Region,District 3 - Sunrise Region,InVal-4,FY23/Q3,,1.0,,,,1,,,,,75.0,,,X,,,,X,,,,25.0,50.0
102,100.0,3.0,YOL,5.0,R,11.0,R,12.0,1.0,3.0,District 3 - Sunrise Region,District 3 - Sunrise Region,InVal-4,FY23/Q3,,,1,,,1,,,,,50.0,,,X,,,,X,,,,25.0,38.0
103,101.0,3.0,YOL,5.0,R,12.0,R,13.0,1.0,3.0,District 3 - Sunrise Region,District 3 - Sunrise Region,InVal-4,FY23/Q3,,,1,,,,1.0,,,,25.0,,,X,,,,X,,,,25.0,25.0
104,102.0,3.0,YOL,5.0,R,13.0,R,14.0,1.0,3.0,District 3 - Sunrise Region,District 3 - Sunrise Region,InVal-4,FY23/Q3,,,1,,,1,,,,,50.0,,,X,,,X,,,,,50.0,50.0
105,103.0,3.0,YOL,5.0,R,14.0,R,15.0,1.0,3.0,District 3 - Sunrise Region,District 3 - Sunrise Region,InVal-4,FY23/Q3,,,1,,,,1.0,,,,25.0,,,X,,,X,,,,,50.0,38.0
106,104.0,3.0,YOL,5.0,R,15.0,R,16.0,1.0,3.0,District 3 - Sunrise Region,District 3 - Sunrise Region,InVal-4,FY23/Q3,,,1,,,1,,,,,50.0,,X,,,,X,,,,,75.0,63.0
107,105.0,3.0,YOL,5.0,R,16.0,R,17.0,1.0,3.0,District 3 - Sunrise Region,District 3 - Sunrise Region,InVal-4,FY23/Q3,,,1,,,,1.0,,,,25.0,,,X,,,X,,,,,50.0,38.0
108,106.0,3.0,YOL,5.0,R,17.0,R,18.0,1.0,3.0,District 3 - Sunrise Region,District 3 - Sunrise Region,InVal-4,FY23/Q3,,,1,,,1,,,,,50.0,,X,,,,X,,,,,75.0,63.0
109,107.0,3.0,YOL,5.0,R,18.0,R,19.0,1.0,3.0,District 3 - Sunrise Region,District 3 - Sunrise Region,InVal-4,FY23/Q3,,,1,,,1,,,,,50.0,,,X,,,X,,,,,50.0,50.0
110,108.0,3.0,YOL,5.0,R,19.0,R,20.0,1.0,3.0,District 3 - Sunrise Region,District 3 - Sunrise Region,InVal-4,FY23/Q3,,,1,,,,,1,,,0.0,,,X,,,,X,,,,25.0,13.0
111,109.0,3.0,YOL,5.0,R,20.0,R,21.0,1.0,3.0,District 3 - Sunrise Region,District 3 - Sunrise Region,InVal-4,FY23/Q3,,,1,,,,1.0,,,,25.0,,,X,,,,X,,,,25.0,25.0
112,110.0,3.0,YOL,5.0,R,21.0,R,22.0,1.0,3.0,District 3 - Sunrise Region,District 3 - Sunrise Region,InVal-4,FY23/Q3,,,1,,,1,,,,,50.0,,,X,,,X,,,,,50.0,50.0
113,111.0,3.0,YOL,5.0,R,22.0,R,23.0,1.0,3.0,District 3 - Sunrise Region,District 3 - Sunrise Region,InVal-4,FY23/Q3,,,1,,,,1.0,,,,25.0,,,X,,,X,,,,,50.0,38.0
114,112.0,3.0,YOL,5.0,R,23.0,R,24.0,1.0,3.0,District 3 - Sunrise Region,District 3 - Sunrise Region,InVal-4,FY23/Q3,,,1,,,,,1,,,0.0,,X,,,,X,,,,,75.0,38.0
115,113.0,3.0,YOL,5.0,R,24.0,R,25.0,1.0,3.0,District 3 - Sunrise Region,District 3 - Sunrise Region,InVal-4,FY23/Q3,,,1,,,,,1,,,0.0,,,X,,,,,X,,,0.0,0.0
116,114.0,3.0,YOL,5.0,R,25.0,R,26.0,1.0,3.0,District 3 - Sunrise Region,District 3 - Sunrise Region,InVal-4,FY23/Q3,,,1,,,,,1,,,0.0,,X,,,,,,X,,,25.0,13.0
117,115.0,3.0,YOL,5.0,R,26.0,R,27.0,1.0,3.0,District 3 - Sunrise Region,District 3 - Sunrise Region,InVal-4,FY23/Q3,,,1,,,,,1,,,0.0,,,X,,,,X,,,,25.0,13.0
119,116.0,3.0,PLA,49.0,,4.0,,5.0,1.0,3.0,District 3 - Sutter/Sierra Region,District 3 - Sutter/Sierra Region,LoMt-4,FY23/Q3,1,,,,,1,,,,,100.0,X,,,,,X,,,,,100.0,100.0
120,117.0,3.0,PLA,49.0,,5.0,,6.0,1.0,3.0,District 3 - Sutter/Sierra Region,District 3 - Sutter/Sierra Region,LoMt-4,FY23/Q3,1,,,,,1,,,,,100.0,X,,,,,X,,,,,100.0,100.0
121,118.0,3.0,PLA,49.0,,6.0,,7.0,1.0,3.0,District 3 - Sutter/Sierra Region,District 3 - Sutter/Sierra Region,LoMt-4,FY23/Q3,1,,,,,1,,,,,100.0,X,,,,,X,,,,,100.0,100.0
122,119.0,3.0,PLA,49.0,R,7.0,R,8.0,1.0,3.0,District 3 - Sutter/Sierra Region,District 3 - Sutter/Sierra Region,LoMt-4,FY23/Q3,1,,,,,1,,,,,100.0,X,,,,,X,,,,,100.0,100.0
123,120.0,3.0,PLA,49.0,R,8.0,R,9.0,1.0,3.0,District 3 - Sutter/Sierra Region,District 3 - Sutter/Sierra Region,LoMt-4,FY23/Q3,1,,,,,1,,,,,100.0,X,,,,,X,,,,,100.0,100.0
124,121.0,3.0,PLA,49.0,R,9.0,R,10.0,1.0,3.0,District 3 - Sutter/Sierra Region,District 3 - Sutter/Sierra Region,LoMt-4,FY23/Q3,1,,,,,1,,,,,100.0,X,,,,,X,,,,,100.0,100.0
126,128.0,3.0,SAC,50.0,R,6.0,R,7.0,1.0,3.0,District 3 - Sunrise Region,District 3 - Sunrise Region,InVal-5,FY23/Q3,1,,,,,,1.0,,,,75.0,X,,,,,X,,,,,100.0,88.0
127,129.0,3.0,SAC,50.0,R,7.0,R,8.0,1.0,3.0,District 3 - Sunrise Region,District 3 - Sunrise Region,InVal-5,FY23/Q3,1,,,,,,1.0,,,,75.0,X,,,,,X,,,,,100.0,88.0
128,130.0,3.0,SAC,50.0,R,8.0,R,9.0,1.0,3.0,District 3 - Sunrise Region,District 3 - Sunrise Region,InVal-5,FY23/Q3,1,,,,,1,,,,,100.0,X,,,,,X,,,,,100.0,100.0
129,131.0,3.0,SAC,50.0,R,9.0,R,10.0,1.0,3.0,District 3 - Sunrise Region,District 3 - Sunrise Region,InVal-5,FY23/Q3,1,,,,,,1.0,,,,75.0,X,,,,,X,,,,,100.0,88.0
130,132.0,3.0,SAC,50.0,R,10.0,R,11.0,1.0,3.0,District 3 - Sunrise Region,District 3 - Sunrise Region,InVal-5,FY23/Q3,,1.0,,,,1,,,,,75.0,X,,,,,X,,,,,100.0,88.0
131,133.0,3.0,SAC,50.0,R,11.0,R,12.0,1.0,3.0,District 3 - Sunrise Region,District 3 - Sunrise Region,InVal-5,FY23/Q3,1,,,,,,1.0,,,,75.0,X,,,,,X,,,,,100.0,88.0
132,134.0,3.0,SAC,50.0,R,12.0, ,13.0,1.0,3.0,District 3 - Sunrise Region,District 3 - Sunrise Region,InVal-5,FY23/Q3,1,,,,,1,,,,,100.0,X,,,,,X,,,,,100.0,100.0
133,135.0,3.0,SAC,50.0,,13.0, ,14.0,1.0,3.0,District 3 - Sunrise Region,District 3 - Sunrise Region,InVal-5,FY23/Q3,1,,,,,1,,,,,100.0,X,,,,,X,,,,,100.0,100.0
134,136.0,3.0,SAC,50.0,,14.0, ,15.0,1.0,3.0,District 3 - Sunrise Region,District 3 - Sunrise Region,InVal-5,FY23/Q3,1,,,,,1,,,,,100.0,X,,,,,X,,,,,100.0,100.0
135,137.0,3.0,SAC,50.0,,15.0, ,16.0,1.0,3.0,District 3 - Sunrise Region,District 3 - Sunrise Region,InVal-5,FY23/Q3,1,,,,,1,,,,,100.0,X,,,,,X,,,,,100.0,100.0
136,138.0,3.0,SAC,50.0,,16.0, ,17.0,1.0,3.0,District 3 - Sunrise Region,District 3 - Sunrise Region,InVal-5,FY23/Q3,1,,,,,1,,,,,100.0,X,,,,,X,,,,,100.0,100.0
137,139.0,3.0,SAC,50.0,,17.0, ,18.0,1.0,3.0,District 3 - Sunrise Region,District 3 - Sunrise Region,InVal-5,FY23/Q3,1,,,,,1,,,,,100.0,X,,,,,X,,,,,100.0,100.0
138,140.0,3.0,SAC,50.0,,18.0, ,19.0,1.0,3.0,District 3 - Sunrise Region,District 3 - Sunrise Region,InVal-5,FY23/Q3,1,,,,,,,1,,,50.0,,X,,,,X,,,,,75.0,63.0
139,141.0,3.0,SAC,50.0,,19.0, ,20.0,1.0,3.0,District 3 - Sunrise Region,District 3 - Sunrise Region,InVal-5,FY23/Q3,,,1,,,,,1,,,0.0,,X,,,,,,X,,,25.0,13.0
140,142.0,3.0,SAC,50.0,,20.0, ,21.0,1.0,3.0,District 3 - Sunrise Region,District 3 - Sunrise Region,InVal-5,FY23/Q3,,1.0,,,,,,1,,,25.0,X,,,,,,,X,,,50.0,38.0
142,143.0,3.0,SAC,51.0,,0.0, ,1.0,1.0,3.0,District 3 - Sunrise Region,District 3 - Sunrise Region,InVal-5,FY23/Q3,,1.0,,,,,1.0,,,,50.0,X,,,,,,X,,,,75.0,63.0
143,144.0,3.0,SAC,51.0,,1.0, ,2.0,1.0,3.0,District 3 - Sunrise Region,District 3 - Sunrise Region,InVal-5,FY23/Q3,,,1,,,,1.0,,,,25.0,X,,,,,X,,,,,100.0,63.0
144,145.0,3.0,SAC,51.0,,2.0,,3.0,1.0,3.0,District 3 - Sunrise Region,District 3 - Sunrise Region,InVal-5,FY23/Q3,,1.0,,,,,,1,,,25.0,,X,,,,,X,,,,50.0,38.0
145,146.0,3.0,SAC,51.0,,3.0,,4.0,1.0,3.0,District 3 - Sunrise Region,District 3 - Sunrise Region,InVal-5,FY23/Q3,,,1,,,,,1,,,0.0,,X,,,,,X,,,,50.0,25.0
146,147.0,3.0,SAC,51.0,,4.0,,5.0,1.0,3.0,District 3 - Sunrise Region,District 3 - Sunrise Region,InVal-5,FY23/Q3,,1.0,,,,,,1,,,25.0,,,X,,,,,X,,,0.0,13.0
147,148.0,3.0,SAC,51.0,,5.0,,6.0,1.0,3.0,District 3 - Sunrise Region,District 3 - Sunrise Region,InVal-5,FY23/Q3,,,1,,,,1.0,,,,25.0,,,X,,,X,,,,,50.0,38.0
148,149.0,3.0,SAC,51.0,,6.0,,7.0,1.0,3.0,District 3 - Sunrise Region,District 3 - Sunrise Region,InVal-5,FY23/Q3,,1.0,,,,1,,,,,75.0,,,X,,,,X,,,,25.0,50.0
149,150.0,3.0,SAC,51.0,,7.0,,8.0,1.0,3.0,District 3 - Sunrise Region,District 3 - Sunrise Region,InVal-5,FY23/Q3,1,,,,,1,,,,,100.0,,X,,,,X,,,,,75.0,88.0
151,151.0,3.0,PLA,80.0,,0.0,,1.0,1.0,3.0,District 3 - Sunrise Region,District 3 - Sunrise Region,InVal-4,FY23/Q3,,1.0,,,,,,1,,,25.0,X,,,,,,X,,,,75.0,50.0
152,152.0,3.0,PLA,80.0,,1.0,,2.0,1.0,3.0,District 3 - Sunrise Region,District 3 - Sunrise Region,InVal-4,FY23/Q3,,,1,,,,1.0,,,,25.0,X,,,,,X,,,,,100.0,63.0
153,153.0,3.0,PLA,80.0,,2.0,,3.0,1.0,3.0,District 3 - Sunrise Region,District 3 - Sunrise Region,InVal-4,FY23/Q3,,1.0,,,,,1.0,,,,50.0,X,,,,,,X,,,,75.0,63.0
154,154.0,3.0,PLA,80.0,,3.0,,4.0,1.0,3.0,District 3 - Sunrise Region,District 3 - Sunrise Region,InVal-4,FY23/Q3,1,,,,,1,,,,,100.0,X,,,,,X,,,,,100.0,100.0
155,155.0,3.0,PLA,80.0,,4.0,,5.0,1.0,3.0,District 3 - Sunrise Region,District 3 - Sunrise Region,InVal-4,FY23/Q3,,1.0,,,,,1.0,,,,50.0,X,,,,,,,X,,,50.0,50.0
156,156.0,3.0,PLA,80.0,,5.0,,6.0,1.0,3.0,District 3 - Sunrise Region,District 3 - Sunrise Region,InVal-4,FY23/Q3,1,,,,,,,1,,,50.0,X,,,,,X,,,,,100.0,75.0
157,157.0,3.0,PLA,80.0,,6.0,,7.0,1.0,3.0,District 3 - Sunrise Region,District 3 - Sunrise Region,InVal-4,FY23/Q3,1,,,,,,1.0,,,,75.0,X,,,,,,X,,,,75.0,75.0
158,158.0,3.0,PLA,80.0,,7.0,,8.0,1.0,3.0,District 3 - Sunrise Region,District 3 - Sunrise Region,InVal-4,FY23/Q3,1,,,,,,1.0,,,,75.0,X,,,,,,X,,,,75.0,75.0
159,159.0,3.0,PLA,80.0,,8.0,,9.0,1.0,3.0,District 3 - Sunrise Region,District 3 - Sunrise Region,InVal-4,FY23/Q3,,1.0,,,,1,,,,,75.0,X,,,,,X,,,,,100.0,88.0
160,160.0,3.0,PLA,80.0,,9.0,,10.0,1.0,3.0,District 3 - Sunrise Region,District 3 - Sunrise Region,InVal-4,FY23/Q3,1,,,,,,1.0,,,,75.0,X,,,,,X,,,,,100.0,88.0
161,161.0,3.0,PLA,80.0,,10.0,,11.0,1.0,3.0,District 3 - Sunrise Region,District 3 - Sunrise Region,InVal-4,FY23/Q3,1,,,,,,1.0,,,,75.0,X,,,,,X,,,,,100.0,88.0
162,162.0,3.0,PLA,80.0,,11.0,,12.0,1.0,3.0,District 3 - Sunrise Region,District 3 - Sunrise Region,InVal-4,FY23/Q3,1,,,,,,1.0,,,,75.0,X,,,,,X,,,,,100.0,88.0
163,163.0,3.0,PLA,80.0,,12.0,,13.0,1.0,3.0,District 3 - Sunrise Region,District 3 - Sunrise Region,InVal-4,FY23/Q3,1,,,,,1,,,,,100.0,X,,,,,X,,,,,100.0,100.0
164,164.0,3.0,PLA,80.0,,13.0,,14.0,1.0,3.0,District 3 - Sunrise Region,District 3 - Sunrise Region,LoMt-4,FY23/Q3,1,,,,,1,,,,,100.0,X,,,,,X,,,,,100.0,100.0
165,165.0,3.0,PLA,80.0,,14.0,,15.0,1.0,3.0,District 3 - Sunrise Region,District 3 - Sunrise Region,LoMt-4,FY23/Q3,1,,,,,1,,,,,100.0,X,,,,,X,,,,,100.0,100.0
166,166.0,3.0,PLA,80.0,,15.0,,16.0,1.0,3.0,District 3 - Sunrise Region,District 3 - Sunrise Region,LoMt-4,FY23/Q3,,1.0,,,,1,,,,,75.0,X,,,,,X,,,,,100.0,88.0
167,167.0,3.0,PLA,80.0,,16.0,,17.0,1.0,3.0,District 3 - Sunrise Region,District 3 - Sunrise Region,LoMt-4,FY23/Q3,1,,,,,1,,,,,100.0,X,,,,,X,,,,,100.0,100.0
168,168.0,3.0,PLA,80.0,,17.0,,18.0,1.0,3.0,District 3 - Sunrise Region,District 3 - Sunrise Region,LoMt-4,FY23/Q3,1,,,,,1,,,,,100.0,X,,,,,X,,,,,100.0,100.0
169,169.0,3.0,PLA,80.0, ,18.0,,19.0,1.0,3.0,District 3 - Sutter/Sierra Region,District 3 - Sutter/Sierra Region,LoMt-4,FY23/Q3,1,,,,,1,,,,,100.0,X,,,,,X,,,,,100.0,100.0
170,170.0,3.0,PLA,80.0,R,19.0,,20.0,1.0,3.0,District 3 - Sutter/Sierra Region,District 3 - Sutter/Sierra Region,LoMt-4,FY23/Q3,,1.0,,,,1,,,,,75.0,X,,,,,X,,,,,100.0,88.0
171,171.0,3.0,PLA,80.0,R,20.0,,21.0,1.0,3.0,District 3 - Sutter/Sierra Region,District 3 - Sutter/Sierra Region,LoMt-4,FY23/Q3,1,,,,,1,,,,,100.0,X,,,,,X,,,,,100.0,100.0
172,172.0,3.0,PLA,80.0,R,21.0,,22.0,1.0,3.0,District 3 - Sutter/Sierra Region,District 3 - Sutter/Sierra Region,LoMt-4,FY23/Q3,1,,,,,1,,,,,100.0,X,,,,,X,,,,,100.0,100.0
173,173.0,3.0,PLA,80.0,R,22.0,,23.0,1.0,3.0,District 3 - Sutter/Sierra Region,District 3 - Sutter/Sierra Region,LoMt-4,FY23/Q3,1,,,,,1,,,,,100.0,X,,,,,X,,,,,100.0,100.0
174,174.0,3.0,SAC,80.0,M,0.0,,1.0,1.0,3.0,District 3 - Sunrise Region,District 3 - Sunrise Region,InVal-5,FY23/Q3,1,,,,,1,,,,,100.0,X,,,,,X,,,,,100.0,100.0
175,175.0,3.0,SAC,80.0,M,1.0,,2.0,1.0,3.0,District 3 - Sunrise Region,District 3 - Sunrise Region,InVal-5,FY23/Q3,1,,,,,1,,,,,100.0,X,,,,,X,,,,,100.0,100.0
176,176.0,3.0,SAC,80.0,M,2.0,,3.0,1.0,3.0,District 3 - Sunrise Region,District 3 - Sunrise Region,InVal-5,FY23/Q3,1,,,,,1,,,,,100.0,X,,,,,X,,,,,100.0,100.0
177,177.0,3.0,SAC,80.0,M,3.0,,4.0,1.0,3.0,District 3 - Sunrise Region,District 3 - Sunrise Region,InVal-5,FY23/Q3,1,,,,,,1.0,,,,75.0,,X,,,,X,,,,,75.0,75.0
178,178.0,3.0,SAC,80.0,M,4.0,,5.0,1.0,3.0,District 3 - Sunrise Region,District 3 - Sunrise Region,InVal-5,FY23/Q3,1,,,,,1,,,,,100.0,X,,,,,X,,,,,100.0,100.0
179,179.0,3.0,SAC,80.0,M,5.0,,6.0,1.0,3.0,District 3 - Sunrise Region,District 3 - Sunrise Region,InVal-5,FY23/Q3,1,,,,,,1.0,,,,75.0,,X,,,,X,,,,,75.0,75.0
180,180.0,3.0,SAC,80.0,M,6.0,,7.0,1.0,3.0,District 3 - Sunrise Region,District 3 - Sunrise Region,InVal-5,FY23/Q3,1,,,,,,,1,,1.0,50.0,X,,,,,,,X,,X,50.0,50.0
181,181.0,3.0,SAC,80.0,M,7.0,,8.0,1.0,3.0,District 3 - Sunrise Region,District 3 - Sunrise Region,InVal-5,FY23/Q3,1,,,,,1,,,,,100.0,,,X,,,X,,,,,50.0,75.0
182,182.0,3.0,SAC,80.0,M,8.0,,9.0,1.0,3.0,District 3 - Sunrise Region,District 3 - Sunrise Region,InVal-5,FY23/Q3,,1.0,,,,,1.0,,,,50.0,,,X,,,,X,,,,25.0,38.0
183,183.0,3.0,SAC,80.0,M,9.0,,10.0,1.0,3.0,District 3 - Sunrise Region,District 3 - Sunrise Region,InVal-5,FY23/Q3,,1.0,,,,,1.0,,,,50.0,X,,,,,,X,,,X,75.0,63.0
184,184.0,3.0,SAC,80.0,M,10.0,,11.0,1.0,3.0,District 3 - Sunrise Region,District 3 - Sunrise Region,InVal-5,FY23/Q3,,1.0,,,,,,1,,,25.0,,X,,,,,X,,,,50.0,38.0
185,185.0,3.0,SAC,80.0,,11.0,,12.0,1.0,3.0,District 3 - Sunrise Region,District 3 - Sunrise Region,InVal-5,FY23/Q3,1,,,,,,1.0,,,,75.0,X,,,,,X,,,,,100.0,88.0
186,186.0,3.0,SAC,80.0,,12.0,,13.0,1.0,3.0,District 3 - Sunrise Region,District 3 - Sunrise Region,InVal-5,FY23/Q3,,,1,,1.0,,,1,,,0.0,,X,,,X,,X,,,,50.0,25.0
187,187.0,3.0,SAC,80.0,,13.0,,14.0,1.0,3.0,District 3 - Sunrise Region,District 3 - Sunrise Region,InVal-5,FY23/Q3,,1.0,,,,,1.0,,,,50.0,,X,,,,,X,,,,50.0,50.0
188,188.0,3.0,SAC,80.0,,14.0,,15.0,1.0,3.0,District 3 - Sunrise Region,District 3 - Sunrise Region,InVal-5,FY23/Q3,1,,,,,,1.0,,,,75.0,X,,,,,,,X,,X,50.0,63.0
189,189.0,3.0,SAC,80.0,,15.0,,16.0,1.0,3.0,District 3 - Sunrise Region,District 3 - Sunrise Region,InVal-5,FY23/Q3,1,,,,,,,1,,,50.0,X,,,,,X,,,,,100.0,75.0
190,190.0,3.0,YOL,80.0,,0.0,,1.0,1.0,3.0,District 3 - Sunrise Region,District 3 - Sunrise Region,InVal-5,FY23/Q3,1,,,,,1,,,,,100.0,X,,,,,,X,,,,75.0,88.0
191,191.0,3.0,YOL,80.0,,1.0,,2.0,1.0,3.0,District 3 - Sunrise Region,District 3 - Sunrise Region,InVal-5,FY23/Q3,1,,,,,1,,,,,100.0,X,,,,,,X,,,,75.0,88.0
192,192.0,3.0,YOL,80.0,,2.0,,3.0,1.0,3.0,District 3 - Sunrise Region,District 3 - Sunrise Region,InVal-5,FY23/Q3,1,,,,,1,,,,,100.0,X,,,,,X,,,,,100.0,100.0
193,193.0,3.0,YOL,80.0,,3.0,,4.0,1.0,3.0,District 3 - Sunrise Region,District 3 - Sunrise Region,InVal-5,FY23/Q3,1,,,,,1,,,,,100.0,X,,,,,X,,,,,100.0,100.0
194,194.0,3.0,YOL,80.0,,4.0,,5.0,1.0,3.0,District 3 - Sunrise Region,District 3 - Sunrise Region,InVal-5,FY23/Q3,1,,,,,,1.0,,,,75.0,X,,,,,X,,,,,100.0,88.0
195,195.0,3.0,YOL,80.0,,5.0,,6.0,1.0,3.0,District 3 - Sunrise Region,District 3 - Sunrise Region,InVal-5,FY23/Q3,1,,,,,1,,,,,100.0,X,,,,,X,,,,,100.0,100.0
196,196.0,3.0,YOL,80.0,,6.0,,7.0,1.0,3.0,District 3 - Sunrise Region,District 3 - Sunrise Region,InVal-5,FY23/Q3,,,1,,,,1.0,,,,25.0,X,,,,,,X,,,,75.0,50.0
198,197.0,3.0,SAC,99.0,,1.0,,2.0,1.0,3.0,District 3 - Sunrise Region,District 3 - Sunrise Region,InVal-5,FY23/Q3,,,1,,,,,1,,,0.0,,,X,,,,,X,,,0.0,0.0
199,198.0,3.0,SAC,99.0,,2.0,,3.0,1.0,3.0,District 3 - Sunrise Region,District 3 - Sunrise Region,InVal-5,FY23/Q3,,,1,,,,1.0,,,,25.0,,X,,,,,,X,,,25.0,25.0
200,199.0,3.0,SAC,99.0,,3.0,,4.0,1.0,3.0,District 3 - Sunrise Region,District 3 - Sunrise Region,InVal-5,FY23/Q3,,,1,,,1,,,,,50.0,X,,,,,X,,,,,100.0,75.0
201,200.0,3.0,SAC,99.0,,4.0,,5.0,1.0,3.0,District 3 - Sunrise Region,District 3 - Sunrise Region,InVal-5,FY23/Q3,,,1,,,,,1,,,0.0,,,X,,,,,X,,,0.0,0.0
202,201.0,3.0,SAC,99.0,,5.0,,6.0,1.0,3.0,District 3 - Sunrise Region,District 3 - Sunrise Region,InVal-5,FY23/Q3,,,1,,,,,1,,,0.0,,X,,,,,X,,,,50.0,25.0
203,202.0,3.0,SAC,99.0,,6.0,,7.0,1.0,3.0,District 3 - Sunrise Region,District 3 - Sunrise Region,InVal-5,FY23/Q3,,1.0,,,,,,1,,,25.0,,,X,,,,,X,,,0.0,13.0
204,203.0,3.0,SAC,99.0,,7.0,,8.0,1.0,3.0,District 3 - Sunrise Region,District 3 - Sunrise Region,InVal-5,FY23/Q3,,,1,,,,,1,,,0.0,,,X,,,,,X,,,0.0,0.0
205,204.0,3.0,SAC,99.0,,8.0,,9.0,1.0,3.0,District 3 - Sunrise Region,District 3 - Sunrise Region,InVal-5,FY23/Q3,1,,,,,,1.0,,,,75.0,,,X,,,X,,,,,50.0,63.0
206,205.0,3.0,SAC,99.0,,9.0,,10.0,1.0,3.0,District 3 - Sunrise Region,District 3 - Sunrise Region,InVal-5,FY23/Q3,,,1,,,,,1,,,0.0,,,X,,,,,X,,,0.0,0.0
207,206.0,3.0,SAC,99.0,,10.0,,11.0,1.0,3.0,District 3 - Sunrise Region,District 3 - Sunrise Region,InVal-5,FY23/Q3,,,1,,,,,1,,,0.0,X,,,,,,X,,,,75.0,38.0
208,207.0,3.0,SAC,99.0,,11.0,,12.0,1.0,3.0,District 3 - Sunrise Region,District 3 - Sunrise Region,InVal-5,FY23/Q3,,1.0,,,,,,1,,,25.0,,X,,,,X,,,,,75.0,50.0
209,208.0,3.0,SAC,99.0,,12.0,,13.0,1.0,3.0,District 3 - Sunrise Region,District 3 - Sunrise Region,InVal-5,FY23/Q3,1,,,,,,,1,,,50.0,X,,,,,,,X,,,50.0,50.0
210,209.0,3.0,SAC,99.0,,13.0,,14.0,1.0,3.0,District 3 - Sunrise Region,District 3 - Sunrise Region,InVal-5,FY23/Q3,,,1,,,,1.0,,,,25.0,X,,,,,,X,,,,75.0,50.0
211,210.0,3.0,SAC,99.0,,14.0,,15.0,1.0,3.0,District 3 - Sunrise Region,District 3 - Sunrise Region,InVal-5,FY23/Q3,,,1,,,,1.0,,,,25.0,,X,,,,,,X,,,25.0,25.0
212,211.0,3.0,SAC,99.0,,15.0,,16.0,1.0,3.0,District 3 - Sunrise Region,District 3 - Sunrise Region,InVal-5,FY23/Q3,,1.0,,,,1,,,,,75.0,,X,,,,X,,,,,75.0,75.0
213,212.0,3.0,SAC,99.0,,16.0,,17.0,1.0,3.0,District 3 - Sunrise Region,District 3 - Sunrise Region,InVal-5,FY23/Q3,,1.0,,,,,1.0,,,,50.0,X,,,,,,X,,,,75.0,63.0
214,213.0,3.0,SAC,99.0,,17.0,,18.0,1.0,3.0,District 3 - Sunrise Region,District 3 - Sunrise Region,InVal-5,FY23/Q3,,1.0,,,,1,,,,,75.0,,X,,,,X,,,,,75.0,75.0
215,214.0,3.0,SAC,99.0,,18.0,,19.0,1.0,3.0,District 3 - Sunrise Region,District 3 - Sunrise Region,InVal-5,FY23/Q3,,1.0,,,,1,,,,,75.0,,,X,,,,X,,,,25.0,50.0
216,215.0,3.0,SAC,99.0,,19.0,,20.0,1.0,3.0,District 3 - Sunrise Region,District 3 - Sunrise Region,InVal-5,FY23/Q3,,,1,,,,,1,,1.0,0.0,,,X,,,,X,,,,25.0,13.0
217,216.0,3.0,SAC,99.0,,20.0,,21.0,1.0,3.0,District 3 - Sunrise Region,District 3 - Sunrise Region,InVal-5,FY23/Q3,,1.0,,,,1,,,,,75.0,X,,,,,,X,,,,75.0,75.0
218,217.0,3.0,SAC,99.0,,21.0,,22.0,1.0,3.0,District 3 - Sunrise Region,District 3 - Sunrise Region,InVal-5,FY23/Q3,,1.0,,,,,,1,,1.0,25.0,X,,,,,,,X,,X,50.0,38.0
219,218.0,3.0,SAC,99.0,,22.0,,23.0,1.0,3.0,District 3 - Sunrise Region,District 3 - Sunrise Region,InVal-5,FY23/Q3,,1.0,,,,1,,,,,75.0,,,X,,,,X,,,,25.0,50.0
220,219.0,3.0,SAC,99.0,,23.0,,24.0,1.0,3.0,District 3 - Sunrise Region,District 3 - Sunrise Region,InVal-5,FY23/Q3,,1.0,,,,,1.0,,,,50.0,,X,,,,,,X,,,25.0,38.0
