,ID,DIST,CO,RTE,PF1,BEGPM,Prefi1,ENDPM,Length,HG,MAINT_DIST,MAINT_RGN,DIST_RGN,BUDGETZONE,FY/Q,Pass,Need 1,Need 2,District LOS Score,Pass.1,Need 1.1,Need 2.1,RA LOS Score,los_2022_start,FY/Q.1,Pass.2,Need 1.2,Need 2.2,District LOS Score.1,Pass.3,Need 1.3,Need 2.3,RA LOS Score.1,los_2022_q1,FY/Q.2,Pass.4,Need 1.4,Need 2.4,District LOS Score.2,Pass.5,Need 1.5,Need 2.5,RA LOS Score.2,los_2022_q2,FY/Q.3,"NB/EB
Pass","NB/EB
Need 1","NB/EB
Need 2","NB/EB
Construction","NB/EB
Encampments","SB/WB 
Pass","SB/WB
Need 1","SB/WB
Need 2","SB/WB
Construction","SB/WB
Encampments",District LOS Score.3,"NB/EB
Pass.1","NB/EB
Need 1.1","NB/EB
Need 2.1","NB/EB
Construction.1","NB/EB
Encampments.1","SB/WB 
Pass.1","SB/WB
Need 1.1","SB/WB
Need 2.1","SB/WB
Construction.1","SB/WB
Encampments.1",RA LOS Score.3,los_2022_q3,FY/Q.4,"NB/EB
Pass.2","NB/EB
Need 1.2","NB/EB
Need 2.2","NB/EB
Construction.2","NB/EB
Encampments.2","SB/WB 
Pass.2","SB/WB
Need 1.2","SB/WB
Need 2.2","SB/WB
Construction.2","SB/WB
Encampments.2",District LOS Score.4,"NB/EB
Pass.3","NB/EB
Need 1.3","NB/EB
Need 2.3","NB/EB
Construction.3","NB/EB
Encampments.3","SB/WB 
Pass.3","SB/WB
Need 1.3","SB/WB
Need 2.3","SB/WB
Construction.3","SB/WB
Encampments.3",RA LOS Score.4,los_2022_q4,FY/Q.5,"NB/EB
Pass.4","NB/EB
Need 1.4","NB/EB
Need 2.4","NB/EB
Construction.4","NB/EB
Encampments.4","SB/WB 
Pass.4","SB/WB
Need 1.4","SB/WB
Need 2.4","SB/WB
Construction.4","SB/WB
Encampments.4",District LOS Score.5,"NB/EB
Pass.5","NB/EB
Need 1.5","NB/EB
Need 2.5","NB/EB
Construction.5","NB/EB
Encampments.5","SB/WB 
Pass.5","SB/WB
Need 1.5","SB/WB
Need 2.5","SB/WB
Construction.5","SB/WB
Encampments.5",RA LOS Score.5,los_2023_q1,FY/Q.6,"NB/EB
Pass.6","NB/EB
Need 1.6","NB/EB
Need 2.6","NB/EB
Construction.6","NB/EB
Encampments.6","SB/WB 
Pass.6","SB/WB
Need 1.6","SB/WB
Need 2.6","SB/WB
Construction.6","SB/WB
Encampments.6",District LOS Score.6,"NB/EB
Pass.7","NB/EB
Need 1.7","NB/EB
Need 2.7","NB/EB
Construction.7","NB/EB
Encampments.7","SB/WB 
Pass.7","SB/WB
Need 1.7","SB/WB
Need 2.7","SB/WB
Construction.7","SB/WB
Encampments.7",RA LOS Score.6,los_2023_q2,FY/Q.7,"NB/EB
Pass.8","NB/EB
Need 1.8","NB/EB
Need 2.8","NB/EB
Construction.8","NB/EB
Encampments.8","SB/WB 
Pass.8","SB/WB
Need 1.8","SB/WB
Need 2.8","SB/WB
Construction.8","SB/WB
Encampments.8",los_2023_q3,FY/Q.8,"NB/EB
Pass.9","NB/EB
Need 1.9","NB/EB
Need 2.9","NB/EB
Construction.9","NB/EB
Encampments.9","SB/WB 
Pass.9","SB/WB
Need 1.9","SB/WB
Need 2.9","SB/WB
Construction.9","SB/WB
Encampments.9",District LOS Score.7,"NB/EB
Pass.10","NB/EB
Need 1.10","NB/EB
Need 2.10","NB/EB
Construction.10","NB/EB
Encampments.10","SB/WB 
Pass.10","SB/WB
Need 1.10","SB/WB
Need 2.10","SB/WB
Construction.10","SB/WB
Encampments.10",RA LOS Score.7,los_2023_q4,Q1 FY2024-Date Evaluated ,"NB/EB
Pass.11","NB/EB
Need 1.11","NB/EB
Need 2.11","NB/EB
Construction.11","NB/EB
Encampments.11","NB/EB
Comments","SB/WB 
Pass.11","SB/WB
Need 1.11","SB/WB
Need 2.11","SB/WB
Construction.11","SB/WB
Encampments.11","SB/WB
Comments", LOS Score,Q1 FY2024-Date Evaluated .1,"NB/EB
Pass.12","NB/EB
Need 1.12","NB/EB
Need 2.12","NB/EB
Construction.12","NB/EB
Encampments.12","NB/EB
Comments.1","SB/WB 
Pass.12","SB/WB
Need 1.12","SB/WB
Need 2.12","SB/WB
Construction.12","SB/WB
Encampments.12","SB/WB
Comments.1", LOS Score.1,los_2024_q1,Date Evaluated,"NB/EB
Pass.13","NB/EB
Need 1.13","NB/EB
Need 2.13","NB/EB
Construction.13","NB/EB
Encampments.13","NB/EB
Comments.2","SB/WB 
Pass.13","SB/WB
Need 1.13","SB/WB
Need 2.13","SB/WB
Construction.13","SB/WB
Encampments.13","SB/WB
Comments.2", LOS Score.2,Date Evaluated.1,"NB/EB
Pass.14","NB/EB
Need 1.14","NB/EB
Need 2.14","NB/EB
Construction.14","NB/EB
Encampments.14","NB/EB
Comments.3","SB/WB 
Pass.14","SB/WB
Need 1.14","SB/WB
Need 2.14","SB/WB
Construction.14","SB/WB
Encampments.14","SB/WB
Comments.3", LOS Score.3,los_2024_q2,FY24Q3 Date Evaluated,"NB/EB
Pass.15","NB/EB
Need 1.15","NB/EB
Need 2.15","NB/EB
Construction.15","NB/EB
Encampments.15","NB/EB
Comments.4","SB/WB 
Pass.15","SB/WB
Need 1.15","SB/WB
Need 2.15","SB/WB
Construction.15","SB/WB
Encampments.15","SB/WB
Comments.4",los_2024_q3,FY24Q4 Date Evaluated,"NB/EB
Pass.16","NB/EB
Need 1.16","NB/EB
Need 2.16","NB/EB
Construction.16","NB/EB
Encampments.16","NB/EB
Comments.5","SB/WB 
Pass.16","SB/WB
Need 1.16","SB/WB
Need 2.16","SB/WB
Construction.16","SB/WB
Encampments.16","SB/WB
Comments.5", LOS Score.4,FY24Q4 Date Evaluated.1,"NB/EB
Pass.17","NB/EB
Need 1.17","NB/EB
Need 2.17","NB/EB
Construction.17","NB/EB
Encampments.17","NB/EB
Comments.6","SB/WB 
Pass.17","SB/WB
Need 1.17","SB/WB
Need 2.17","SB/WB
Construction.17","SB/WB
Encampments.17","SB/WB
Comments.6", LOS Score.5,los_2024_q4
0,1.0,9.0,KER,58.0,,77.0,,78,1.0,,9.0,District 6 - South Region,District 6 - South Region,HiMt-3,Beg FY22,,1.0,,50.0,,1.0,,50.0,50.0,FY22/Q1,,,1,0.0,,1.0,,50.0,25.0,FY22/Q2,,1.0,,50.0,1.0,,,100.0,75.0,FY22/Q3,x,,,,,x,,,,,100.0,x,,,,,x,,,,,100.0,100.0,FY22/Q4,x,,,,,x,,,,,100.0,x,,,,,x,,,,,100.0,100.0,FY23/Q1,,,X,,,X,,,,,50.0,,,X,,,X,,,,,50.0,50.0,FY23/Q2,X,,,,,X,,,,,100.0,X,,,,,X,,,,,100.0,100.0,FY23/Q3,X,,,,,X,,,,,100.0,FY23/Q4,X,,,,,X,,,,,100.0,X,,,,,X,,,,,100.0,100.0,,x,,,,,,x,,,,,,100.0,10/5/2023,X,,,,,,,X,,,,M,75.0,88.0,1/8-10/24,X,,,,,,X,,,,,,100.0,1/11/2024,x,,,,,,x,,,,,,100.0,100.0,4/10/2024,X,,,,,,X,,,,,,100.0,,X,,,,,,X,,,,,,100.0,1/11/2024,x,,,,,,x,,,,,,100.0,100.0
1,2.0,9.0,KER,58.0,,78.0,,79,1.0,,9.0,District 6 - South Region,District 6 - South Region,HiMt-3,Beg FY22,,1.0,,50.0,,1.0,,50.0,50.0,FY22/Q1,,1.0,,50.0,,1.0,,50.0,50.0,FY22/Q2,,1.0,,50.0,1.0,,,100.0,75.0,FY22/Q3,x,,,,,x,,,,,100.0,,,,,,,,,,,,100.0,FY22/Q4,x,,,,,x,,,,,100.0,x,,,,,x,,,,,100.0,100.0,FY23/Q1,,X,,,,X,,,,,75.0,,X,,,,X,,,,,75.0,75.0,FY23/Q2,X,,,,,X,,,,,100.0,X,,,,,X,,,,,100.0,100.0,FY23/Q3,X,,,,,X,,,,,100.0,FY23/Q4,X,,,,,X,,,,,100.0,X,,,,,X,,,,,100.0,100.0,,x,,,,,,x,,,,,,100.0,,,X,,,,M,X,,,,,,75.0,88.0,,X,,,,,,X,,,,,,100.0,1/11/2024,x,,,,,,x,,,,,,100.0,100.0,,X,,,,,,X,,,,,,100.0,,X,,,,,,X,,,,,,100.0,1/11/2024,x,,,,,,x,,,,,,100.0,100.0
2,3.0,9.0,KER,58.0,,79.0,,80,1.0,,9.0,District 6 - South Region,District 6 - South Region,HiMt-3,Beg FY22,,,1,0.0,,,1,0.0,0.0,FY22/Q1,,1.0,,50.0,,1.0,,50.0,50.0,FY22/Q2,,,1,0.0,1.0,,,100.0,50.0,FY22/Q3,x,,,,,x,,,,,100.0,x,,,,,x,,,,,100.0,100.0,FY22/Q4,,x,,,,x,,,,,75.0,,x,,,,x,,,,,75.0,75.0,FY23/Q1,X,,,,,X,,,,,100.0,X,,,,,X,,,,,100.0,100.0,FY23/Q2,X,,,,,X,,,,,100.0,X,,,,,X,,,,,100.0,100.0,FY23/Q3,X,,,,,X,,,,,100.0,FY23/Q4,X,,,,,X,,,,,100.0,X,,,,,X,,,,,100.0,100.0,,x,,,,,,x,,,,,,100.0,,X,,,,,,,X,,,,MR,75.0,88.0,,X,,,,,,X,,,,,,100.0,1/11/2024,,x,,,,                     R,x,,,,,,75.0,88.0,,,X,,,,MR,X,,,,,,75.0,,X,,,,,,X,,,,,,100.0,1/11/2024,,x,,,,                     R,x,,,,,,75.0,88.0
3,4.0,9.0,KER,58.0,,80.0,,81,1.0,,9.0,District 6 - South Region,District 6 - South Region,HiMt-3,Beg FY22,,,1,0.0,,,1,0.0,0.0,FY22/Q1,,1.0,,50.0,,1.0,,50.0,50.0,FY22/Q2,,,1,0.0,1.0,,,100.0,50.0,FY22/Q3,x,,,,,x,,,,,100.0,x,,,,,x,,,,,100.0,100.0,FY22/Q4,,x,,,,x,,,,,75.0,x,,,,,x,,,,,100.0,88.0,FY23/Q1,X,,,,,X,,,,,100.0,X,,,,,X,,,,,100.0,100.0,FY23/Q2,X,,,,,X,,,,,100.0,X,,,,,X,,,,,100.0,100.0,FY23/Q3,,X,,,,X,,,,,75.0,FY23/Q4,X,,,,,X,,,,,100.0,X,,,,,X,,,,,100.0,100.0,,x,,,,,,x,,,,,,100.0,,X,,,,,,,X,,,,MR,75.0,88.0,,,X,,,,R,X,,,,,,75.0,1/11/2024,,x,,,,                     M,x,,,,,,75.0,75.0,,X,,,,,,X,,,,,,100.0,,X,,,,,,X,,,,,,100.0,1/11/2024,,x,,,,                     M,x,,,,,,75.0,88.0
4,5.0,9.0,KER,58.0,,81.0,,82,1.0,,9.0,District 6 - South Region,District 6 - South Region,HiMt-3,Beg FY22,,,1,0.0,,,1,0.0,0.0,FY22/Q1,,,1,0.0,,1.0,,50.0,25.0,FY22/Q2,,,1,0.0,1.0,,,100.0,50.0,FY22/Q3,x,,,,,x,,,,,100.0,x,,,,,x,,,,,100.0,100.0,FY22/Q4,x,,,,,x,,,,,100.0,x,,,,,x,,,,,100.0,100.0,FY23/Q1,X,,,,,X,,,,,100.0,X,,,,,X,,,,,100.0,100.0,FY23/Q2,X,,,,,X,,,,,100.0,X,,,,,X,,,,,100.0,100.0,FY23/Q3,X,,,,,X,,,,,100.0,FY23/Q4,X,,,,,X,,,,,100.0,X,,,,,X,,,,,100.0,100.0,,x,,,,,,x,,,,,,100.0,,X,,,,,,,X,,,,MR,75.0,88.0,,X,,,,,,X,,,,,,100.0,1/11/2024,x,,,,,,x,,,,,,100.0,100.0,,X,,,,,,X,,,,,,100.0,,X,,,,,,X,,,,,,100.0,1/11/2024,x,,,,,,x,,,,,,100.0,100.0
5,6.0,9.0,KER,58.0,,82.0,,83,,,,,,,Beg FY22,,,1,0.0,,,1,0.0,0.0,FY22/Q1,,1.0,,50.0,,1.0,,0.0,25.0,FY22/Q2,,,1,0.0,1.0,,,100.0,50.0,FY22/Q3,x,,,,,x,,,,,100.0,x,,,,,x,,,,,100.0,100.0,FY22/Q4,x,,,,,x,,,,,100.0,x,,,,,x,,,,,100.0,100.0,FY23/Q1,,X,,,,X,,,,,75.0,,X,,,,X,,,,,75.0,75.0,FY23/Q2,X,,,,,X,,,,,100.0,X,,,,,X,,,,,100.0,100.0,FY23/Q3,,X,,,,X,,,,,75.0,FY23/Q4,X,,,,,X,,,,,100.0,X,,,,,X,,,,,100.0,100.0,,x,,,,,,x,,,,,,100.0,,X,,,,,,,X,,,,M,75.0,88.0,,,X,,,,R,X,,,,,,75.0,1/11/2024,x,,,,,,x,,,,,,100.0,88.0,,X,,,,,,X,,,,,,100.0,,X,,,,,,X,,,,,,100.0,1/11/2024,x,,,,,,x,,,,,,100.0,100.0
6,7.0,9.0,KER,58.0,R,83.0,R,84,1.0,,9.0,District 9 - Bishop Region,District 9 - Bishop Region,HiMt-3,Beg FY22,,,1,0.0,,1.0,,50.0,25.0,FY22/Q1,,,1,0.0,,1.0,,50.0,25.0,FY22/Q2,,,1,0.0,1.0,,,100.0,50.0,FY22/Q3,x,,,,,x,,,,,100.0,x,,,,,x,,,,,100.0,100.0,FY22/Q4,x,,,,,x,,,,,100.0,x,,,,,x,,,,,100.0,100.0,FY23/Q1,X,,,,,X,,,,,100.0,X,,,,,X,,,,,100.0,100.0,FY23/Q2,X,,,,,X,,,,,100.0,X,,,,,X,,,,,100.0,100.0,FY23/Q3,X,,,,,X,,,,,100.0,FY23/Q4,X,,,,,X,,,,,100.0,X,,,,,X,,,,,100.0,100.0,,x,,,,,,x,,,,,,100.0,,X,,,,,,,,X,,,M,50.0,75.0,,X,,,,,,X,,,,,,100.0,1/11/2024,x,,,,,,x,,,,,,100.0,100.0,,X,,,,,,X,,,,,,100.0,,X,,,,,,X,,,,,,100.0,1/11/2024,x,,,,,,x,,,,,,100.0,100.0
7,8.0,9.0,KER,58.0,R,84.0,R,85,1.0,,9.0,District 9 - Bishop Region,District 9 - Bishop Region,HiMt-3,Beg FY22,,1.0,,50.0,,1.0,,50.0,50.0,FY22/Q1,1.0,,,100.0,,1.0,,50.0,75.0,FY22/Q2,,,1,0.0,1.0,,,100.0,50.0,FY22/Q3,x,,,,,x,,,,,100.0,x,,,,,x,,,,,100.0,100.0,FY22/Q4,x,,,,,x,,,,,100.0,x,,,,,x,,,,,100.0,100.0,FY23/Q1,X,,,,,X,,,,,100.0,X,,,,,X,,,,,100.0,100.0,FY23/Q2,X,,,,,X,,,,,100.0,X,,,,,X,,,,,100.0,100.0,FY23/Q3,X,,,,,X,,,,,100.0,FY23/Q4,X,,,,,X,,,,,100.0,X,,,,,X,,,,,100.0,100.0,,x,,,,,,x,,,,,,100.0,,X,,,,,,,X,,,,MR,75.0,88.0,,X,,,,,,X,,,,,,100.0,1/11/2024,x,,,,,,x,,,,,,100.0,100.0,,X,,,,,,X,,,,,,100.0,,X,,,,,,X,,,,,,100.0,1/11/2024,x,,,,,,x,,,,,,100.0,100.0
8,9.0,9.0,KER,58.0,R,85.0,R,86,1.0,,9.0,District 9 - Bishop Region,District 9 - Bishop Region,HiMt-3,Beg FY22,,1.0,,50.0,,1.0,,50.0,50.0,FY22/Q1,,1.0,,50.0,,1.0,,50.0,50.0,FY22/Q2,,,1,0.0,,1.0,,50.0,25.0,FY22/Q3,x,,,,,x,,,,,100.0,x,,,,,x,,,,,100.0,100.0,FY22/Q4,x,,,,,x,,,,,100.0,x,,,,,x,,,,,100.0,100.0,FY23/Q1,X,,,,,X,,,,,100.0,X,,,,,X,,,,,100.0,100.0,FY23/Q2,X,,,,,X,,,,,100.0,X,,,,,X,,,,,100.0,100.0,FY23/Q3,X,,,,,X,,,,,100.0,FY23/Q4,X,,,,,X,,,,,100.0,X,,,,,X,,,,,100.0,100.0,,x,,,,,,x,,,,,,100.0,,X,,,,,,X,,,,,,100.0,100.0,,X,,,,,,X,,,,,,100.0,1/11/2024,X,,,,,,x,,,,,,100.0,100.0,,X,,,,,,X,,,,,,100.0,,X,,,,,,X,,,,,,100.0,1/11/2024,X,,,,,,x,,,,,,100.0,100.0
9,10.0,9.0,KER,58.0,R,86.0,R,87,1.0,,9.0,District 9 - Bishop Region,District 9 - Bishop Region,HiMt-3,Beg FY22,1.0,,,100.0,,1.0,,50.0,75.0,FY22/Q1,,1.0,,50.0,,1.0,,50.0,50.0,FY22/Q2,,,1,0.0,,1.0,,50.0,25.0,FY22/Q3,x,,,,,x,,,,,100.0,x,,,,,x,,,,,100.0,100.0,FY22/Q4,x,,,,,x,,,,,100.0,x,,,,,x,,,,,100.0,100.0,FY23/Q1,X,,,,,X,,,,,100.0,X,,,,,X,,,,,100.0,100.0,FY23/Q2,X,,,,,X,,,,,100.0,X,,,,,X,,,,,100.0,100.0,FY23/Q3,X,,,,,X,,,,,100.0,FY23/Q4,X,,,,,X,,,,,100.0,X,,,,,X,,,,,100.0,100.0,,x,,,,,,,x,,,,RS,75.0,,X,,,,,,,X,,,,MR,75.0,75.0,,X,,,,,,X,,,,,,100.0,1/11/2024,X,,,,,,x,,,,,,100.0,100.0,,X,,,,,,X,,,,,,100.0,,X,,,,,,X,,,,,,100.0,1/11/2024,X,,,,,,x,,,,,,100.0,100.0
10,11.0,9.0,KER,58.0,R,87.0,R,88,1.0,,9.0,District 9 - Bishop Region,District 9 - Bishop Region,HiMt-3,Beg FY22,1.0,,,100.0,1.0,,,100.0,100.0,FY22/Q1,,1.0,,50.0,1.0,,,100.0,75.0,FY22/Q2,,,1,0.0,,1.0,,50.0,25.0,FY22/Q3,x,,,,,x,,,,,100.0,x,,,,,x,,,,,100.0,100.0,FY22/Q4,x,,,,,x,,,,,100.0,x,,,,,x,,,,,100.0,100.0,FY23/Q1,X,,,,,X,,,,,100.0,X,,,,,X,,,,,100.0,100.0,FY23/Q2,X,,,,,X,,,,,100.0,X,,,,,X,,,,,100.0,100.0,FY23/Q3,X,,,,,X,,,,,100.0,FY23/Q4,X,,,,,X,,,,,100.0,X,,,,,X,,,,,100.0,100.0,,x,,,,,,x,,,,,,100.0,,X,,,,,,X,,,,,,100.0,100.0,,X,,,,,,X,,,,,,100.0,1/11/2024,X,,,,,,x,,,,,,100.0,100.0,,X,,,,,,X,,,,,,100.0,,X,,,,,,X,,,,,,100.0,1/11/2024,X,,,,,,x,,,,,,100.0,100.0
11,12.0,9.0,KER,58.0,R,88.0,R,89,1.0,,9.0,District 9 - Bishop Region,District 9 - Bishop Region,HiMt-3,Beg FY22,,1.0,,50.0,1.0,,,100.0,75.0,FY22/Q1,,,1,0.0,,1.0,,50.0,25.0,FY22/Q2,,,1,0.0,,1.0,,50.0,25.0,FY22/Q3,x,,,,,x,,,,,100.0,x,,,,,x,,,,,100.0,100.0,FY22/Q4,x,,,,,x,,,,,100.0,x,,,,,x,,,,,100.0,100.0,FY23/Q1,X,,,,,X,,,,,100.0,X,,,,,X,,,,,100.0,100.0,FY23/Q2,X,,,,,X,,,,,100.0,X,,,,,X,,,,,100.0,100.0,FY23/Q3,X,,,,,X,,,,,100.0,FY23/Q4,,XR,,,,X,,,,,75.0,,X,,,,X,,,,,75.0,75.0,,x,,,,,,x,,,,,,100.0,,,X,,,,,X,,,,,,75.0,88.0,,X,,,,,,X,,,,,,100.0,1/11/2024,X,,,,,,x,,,,,,100.0,100.0,,X,,,,,,X,,,,,,100.0,,,X,,,,S,X,,,,,,75.0,1/11/2024,X,,,,,,x,,,,,,100.0,88.0
12,13.0,9.0,KER,58.0,R,89.0,R,90,1.0,,9.0,District 9 - Bishop Region,District 9 - Bishop Region,HiMt-3,Beg FY22,,1.0,,50.0,,1.0,,50.0,50.0,FY22/Q1,,,1,0.0,,1.0,,50.0,25.0,FY22/Q2,,,1,0.0,,1.0,,50.0,25.0,FY22/Q3,x,,,,,x,,,,,100.0,x,,,,,x,,,,,100.0,100.0,FY22/Q4,x,,,,,x,,,,,100.0,x,,,,,x,,,,,100.0,100.0,FY23/Q1,X,,,,,X,,,,,100.0,X,,,,,X,,,,,100.0,100.0,FY23/Q2,X,,,,,X,,,,,100.0,X,,,,,X,,,,,100.0,100.0,FY23/Q3,X,,,,,X,,,,,100.0,FY23/Q4,X,,,,,X,,,,,100.0,X,,,,,X,,,,,100.0,100.0,,x,,,,,,x,,,,,,100.0,,X,,,,,,X,,,,,,100.0,100.0,,X,,,,,,X,,,,,,100.0,1/11/2024,X,,,,,,x,,,,,,100.0,100.0,,X,,,,,,X,,,,,,100.0,,X,,,,,,X,,,,,,100.0,1/11/2024,X,,,,,,x,,,,,,100.0,100.0
13,14.0,9.0,KER,58.0,R,90.0,R,91,1.0,,9.0,District 9 - Bishop Region,District 9 - Bishop Region,HiMt-3,Beg FY22,,1.0,,50.0,,1.0,,50.0,50.0,FY22/Q1,,,1,0.0,,1.0,,50.0,25.0,FY22/Q2,,,1,0.0,,1.0,,50.0,25.0,FY22/Q3,x,,,,,x,,,,,100.0,x,,,,,x,,,,,100.0,100.0,FY22/Q4,x,,,,,,x,,,,75.0,x,,,,,,x,,,,75.0,75.0,FY23/Q1,,X,,,,,X,,,,50.0,,X,,,,X,,,,,75.0,63.0,FY23/Q2,X,,,,,X,,,,,100.0,X,,,,,X,,,,,100.0,100.0,FY23/Q3,X,,,,,X,,,,,100.0,FY23/Q4,X,,,,,X,,,,,100.0,X,,,,,X,,,,,100.0,100.0,,x,,,,,,x,,,,,,100.0,,X,,,,,,X,,,,,,100.0,100.0,,X,,,,,,,X,,,,R,75.0,1/11/2024,X,,,,,,x,,,,,,100.0,88.0,,X,,,,,,X,,,,,,100.0,,X,,,,,,X,,,,,,100.0,1/11/2024,X,,,,,,x,,,,,,100.0,100.0
14,15.0,9.0,KER,58.0,R,91.0,R,92,1.0,,9.0,District 9 - Bishop Region,District 9 - Bishop Region,HiMt-3,Beg FY22,,,1,0.0,,1.0,,50.0,25.0,FY22/Q1,,,1,0.0,,1.0,,50.0,25.0,FY22/Q2,,,1,0.0,1.0,,,100.0,50.0,FY22/Q3,x,,,,,x,,,,,100.0,x,,,,,x,,,,,100.0,100.0,FY22/Q4,x,,,,,x,,,,,100.0,x,,,,,x,,,,,100.0,100.0,FY23/Q1,,X,,,,X,,,,,75.0,,X,,,,X,,,,,75.0,75.0,FY23/Q2,X,,,,,X,,,,,100.0,X,,,,,X,,,,,100.0,100.0,FY23/Q3,X,,,,,,X,,,,75.0,FY23/Q4,X,,,,,X,,,,,100.0,X,,,,,X,,,,,100.0,100.0,,x,,,,,,x,,,,,,100.0,,,X,,,,R,X,,,,,,75.0,88.0,,X,,,,,,X,,,,,,100.0,1/11/2024,X,,,,,,x,,,,,,100.0,100.0,,X,,,,,,X,,,,,,100.0,,X,,,,,,X,,,,,,100.0,1/11/2024,X,,,,,,x,,,,,,100.0,100.0
15,16.0,9.0,KER,58.0,R,92.0,R,93,1.0,,9.0,District 9 - Bishop Region,District 9 - Bishop Region,HiMt-3,Beg FY22,,,1,0.0,,1.0,,50.0,25.0,FY22/Q1,,1.0,1,25.0,,1.0,,50.0,38.0,FY22/Q2,,,1,0.0,1.0,,,100.0,50.0,FY22/Q3,x,,,,,x,,,,,100.0,x,,,,,x,,,,,100.0,100.0,FY22/Q4,x,,,,,x,,,,,100.0,x,,,,,x,,,,,100.0,100.0,FY23/Q1,,X,,,,X,,,,,75.0,,X,,,,X,,,,,75.0,75.0,FY23/Q2,X,,,,,X,,,,,100.0,X,,,,,X,,,,,100.0,100.0,FY23/Q3,X,,,,,X,,,,,100.0,FY23/Q4,X,,,,,X,,,,,100.0,X,,,,,X,,,,,100.0,100.0,,x,,,,,,x,,,,,,100.0,,X,,,,,,X,,,,,,100.0,100.0,,X,,,,,,X,,,,,,100.0,1/11/2024,X,,,,,,x,,,,,,100.0,100.0,,,X,,,,RS,X,,,,,,75.0,,X,,,,,,X,,,,,,100.0,1/11/2024,X,,,,,,x,,,,,,100.0,100.0
16,17.0,9.0,KER,58.0,R,93.0,R,94,1.0,,9.0,District 9 - Bishop Region,District 9 - Bishop Region,HiMt-3,Beg FY22,,1.0,,50.0,,1.0,,50.0,50.0,FY22/Q1,,1.0,,50.0,,1.0,,50.0,50.0,FY22/Q2,,,1,0.0,1.0,,,100.0,50.0,FY22/Q3,x,,,,,x,,,,,100.0,x,,,,,x,,,,,100.0,100.0,FY22/Q4,x,,,,,x,,,,,100.0,x,,,,,x,,,,,100.0,100.0,FY23/Q1,X,,,,,X,,,,,100.0,X,,,,,X,,,,,100.0,100.0,FY23/Q2,X,,,,,X,,,,,100.0,X,,,,,X,,,,,100.0,100.0,FY23/Q3,X,,,,,X,,,,,100.0,FY23/Q4,,XM,,,,X,,,,,75.0,,X,,,,X,,,,,75.0,75.0,,x,,,,,,x,,,,,,100.0,,,X,,,,M,,X,,,,M,50.0,75.0,,X,,,,,,X,,,,,,100.0,1/11/2024,X,,,,,,x,,,,,,100.0,100.0,,,,X,,,RS,X,,,,,,50.0,,X,,,,,,X,,,,,,100.0,1/11/2024,X,,,,,,x,,,,,,100.0,100.0
17,18.0,9.0,KER,58.0,R,94.0,R,95,1.0,,9.0,District 9 - Bishop Region,District 9 - Bishop Region,HiMt-3,Beg FY22,,,1,0.0,,1.0,,50.0,25.0,FY22/Q1,,1.0,,50.0,,1.0,,50.0,50.0,FY22/Q2,,,1,0.0,,1.0,,50.0,25.0,FY22/Q3,x,,,,,x,,,,,100.0,x,,,,,x,,,,,100.0,100.0,FY22/Q4,x,,,,,x,,,,,100.0,x,,,,,x,,,,,100.0,100.0,FY23/Q1,X,,,,,X,,,,,100.0,X,,,,,X,,,,,100.0,100.0,FY23/Q2,X,,,,,X,,,,,100.0,X,,,,,X,,,,,100.0,100.0,FY23/Q3,X,,,,,X,,,,,100.0,FY23/Q4,X,,,,,X,,,,,100.0,X,,,,,X,,,,,100.0,100.0,,x,,,,,,x,,,,,,100.0,,,X,,,,R,,,X,,,M,25.0,63.0,,X,,,,,,X,,,,,,100.0,1/11/2024,X,,,,,,x,,,,,,100.0,100.0,,,X,,,,RS,X,,,,,,75.0,,X,,,,,,X,,,,,,100.0,1/11/2024,X,,,,,,x,,,,,,100.0,100.0
18,19.0,9.0,KER,58.0,R,95.0,R,96,1.0,,9.0,District 9 - Bishop Region,District 9 - Bishop Region,HiMt-3,Beg FY22,,,1,0.0,1.0,,,100.0,50.0,FY22/Q1,,1.0,,50.0,,1.0,,50.0,50.0,FY22/Q2,,1.0,,50.0,1.0,,,100.0,75.0,FY22/Q3,,x,,,,,x,,,,50.0,,x,,,,x,,,,,75.0,63.0,FY22/Q4,x,,,,,x,,,,,100.0,x,,,,,x,,,,,100.0,100.0,FY23/Q1,X,,,,,X,,,,,100.0,X,,,,,X,,,,,100.0,100.0,FY23/Q2,,X,,,,X,,,,,75.0,X,,,,,X,,,,,100.0,88.0,FY23/Q3,X,,,,,X,,,,,100.0,FY23/Q4,X,,,,,X,,,,,100.0,X,,,,,X,,,,,100.0,100.0,,x,,,,,,x,,,,,,100.0,,X,,,,,,X,,,,,,100.0,100.0,,X,,,,,,X,,,,,,100.0,1/11/2024,X,,,,,,x,,,,,,100.0,100.0,,,,X,,,RS,X,,,,,,50.0,,,,X,,,S,X,,,,,,50.0,1/11/2024,X,,,,,,x,,,,,,100.0,75.0
19,20.0,9.0,KER,58.0,R,96.0,R,97,1.0,,9.0,District 9 - Bishop Region,District 9 - Bishop Region,HiMt-3,Beg FY22,,1.0,,50.0,1.0,,,100.0,75.0,FY22/Q1,,1.0,,50.0,1.0,,,100.0,75.0,FY22/Q2,,1.0,,50.0,1.0,,,100.0,75.0,FY22/Q3,x,,,,,x,,,,,100.0,x,,,,,x,,,,,100.0,100.0,FY22/Q4,x,,,,,x,,,,,100.0,x,,,,,x,,,,,100.0,100.0,FY23/Q1,X,,,,,X,,,,,100.0,X,,,,,X,,,,,100.0,100.0,FY23/Q2,X,,,,,X,,,,,100.0,X,,,,,X,,,,,100.0,100.0,FY23/Q3,X,,,,,X,,,,,100.0,FY23/Q4,X,,,,,X,,,,,100.0,X,,,,,X,,,,,100.0,100.0,,x,,,,,,x,,,,,,100.0,,X,,,,,,X,,,,,,100.0,100.0,,,X,,,,R,X,,,,,,75.0,1/11/2024,X,,,,,,x,,,,,,100.0,88.0,,,,X,,,RS,X,,,,,,50.0,,,,X,,,S,X,,,,,,50.0,1/11/2024,X,,,,,,x,,,,,,100.0,75.0
20,21.0,9.0,KER,58.0,R,97.0,R,98,1.0,,9.0,District 9 - Bishop Region,District 9 - Bishop Region,HiMt-3,Beg FY22,,1.0,,50.0,1.0,,,100.0,75.0,FY22/Q1,,1.0,,50.0,1.0,,,100.0,75.0,FY22/Q2,,1.0,,50.0,1.0,,,100.0,75.0,FY22/Q3,x,,,,,x,,,,,100.0,x,,,,,x,,,,,100.0,100.0,FY22/Q4,x,,,,,x,,,,,100.0,x,,,,,x,,,,,100.0,100.0,FY23/Q1,X,,,,,X,,,,,100.0,X,,,,,X,,,,,100.0,100.0,FY23/Q2,X,,,,,X,,,,,100.0,X,,,,,X,,,,,100.0,100.0,FY23/Q3,X,,,,,X,,,,,100.0,FY23/Q4,X,,,,,X,,,,,100.0,X,,,,,X,,,,,100.0,100.0,,x,,,,,,x,,,,,,100.0,,X,,,,,,X,,,,,,100.0,100.0,,X,,,,,,X,,,,,,100.0,1/11/2024,X,,,,,,x,,,,,,100.0,100.0,,,X,,,,MR,X,,,,,,75.0,,,,X,,,S,X,,,,,,50.0,1/11/2024,X,,,,,,x,,,,,,100.0,75.0
21,22.0,9.0,KER,58.0,R,98.0,R,99,1.0,,9.0,District 9 - Bishop Region,District 9 - Bishop Region,HiMt-3,Beg FY22,,1.0,,50.0,1.0,,,100.0,75.0,FY22/Q1,,1.0,,50.0,1.0,,,100.0,75.0,FY22/Q2,,1.0,,50.0,1.0,,,100.0,75.0,FY22/Q3,x,,,,,x,,,,,100.0,x,,,,,x,,,,,100.0,100.0,FY22/Q4,x,,,,,x,,,,,100.0,x,,,,,x,,,,,100.0,100.0,FY23/Q1,,X,,,,X,,,,,75.0,,X,,,,X,,,,,75.0,75.0,FY23/Q2,X,,,,,X,,,,,100.0,X,,,,,X,,,,,100.0,100.0,FY23/Q3,X,,,,,X,,,,,100.0,FY23/Q4,X,,,,,X,,,,,100.0,X,,,,,X,,,,,100.0,100.0,,x,,,,,,x,,,,,,100.0,,X,,,,,,,X,,,,R,75.0,88.0,,X,,,,,,X,,,,,,100.0,1/11/2024,X,,,,,,x,,,,,,100.0,100.0,,X,,,,,,X,,,,,,100.0,,,,X,,,S,X,,,,,,50.0,1/11/2024,X,,,,,,x,,,,,,100.0,75.0
22,23.0,9.0,KER,58.0,R,99.0,R,100,1.0,,9.0,District 9 - Bishop Region,District 9 - Bishop Region,HiMt-3,Beg FY22,,,1,0.0,1.0,,,100.0,50.0,FY22/Q1,,1.0,,50.0,1.0,,,100.0,75.0,FY22/Q2,,,1,0.0,,1.0,,50.0,25.0,FY22/Q3,x,,,,,x,,,,,100.0,x,,,,,x,,,,,100.0,100.0,FY22/Q4,x,,,,,x,,,,,100.0,x,,,,,x,,,,,100.0,100.0,FY23/Q1,X,,,,,X,,,,,100.0,X,,,,,X,,,,,100.0,100.0,FY23/Q2,X,,,,,X,,,,,100.0,X,,,,,X,,,,,100.0,100.0,FY23/Q3,X,,,,,X,,,,,100.0,FY23/Q4,X,,,,,X,,,,,100.0,X,,,,,X,,,,,100.0,100.0,,x,,,,,,x,,,,,,100.0,,X,,,,,,X,,,,,,100.0,100.0,,X,,,,,,X,,,,,,100.0,1/11/2024,X,,,,,,x,,,,,,100.0,100.0,,X,,,,,,X,,,,,,100.0,,X,,,,,,X,,,,,,100.0,1/11/2024,X,,,,,,x,,,,,,100.0,100.0
23,24.0,9.0,KER,58.0,R,100.0,R,101,1.0,,9.0,District 9 - Bishop Region,District 9 - Bishop Region,HiMt-3,Beg FY22,1.0,,,100.0,,1.0,,50.0,75.0,FY22/Q1,1.0,,,100.0,1.0,,,100.0,100.0,FY22/Q2,,1.0,,50.0,,1.0,,50.0,50.0,FY22/Q3,x,,,,,x,,,,,100.0,x,,,,,x,,,,,100.0,100.0,FY22/Q4,x,,,,,x,,,,,100.0,x,,,,,x,,,,,100.0,100.0,FY23/Q1,X,,,,,X,,,,,100.0,X,,,,,X,,,,,100.0,100.0,FY23/Q2,X,,,,,X,,,,,100.0,X,,,,,X,,,,,100.0,100.0,FY23/Q3,X,,,,,X,,,,,100.0,FY23/Q4,X,,,,,X,,,,,100.0,X,,,,,X,,,,,100.0,100.0,,x,,,,,,x,,,,,,100.0,,X,,,,,,X,,,,,,100.0,100.0,,X,,,,,,X,,,,,,100.0,1/11/2024,X,,,,,,x,,,,,,100.0,100.0,,,X,,,,MR,X,,,,,,75.0,,X,,,,,,X,,,,,,100.0,1/11/2024,X,,,,,,x,,,,,,100.0,100.0
24,25.0,9.0,KER,58.0,R,101.0,R,102,1.0,,9.0,District 9 - Bishop Region,District 9 - Bishop Region,HiMt-3,Beg FY22,,1.0,,50.0,,1.0,,50.0,50.0,FY22/Q1,,,1,0.0,,1.0,,50.0,25.0,FY22/Q2,,,1,0.0,,1.0,,50.0,25.0,FY22/Q3,x,,,,,x,,,,,100.0,x,,,,,x,,,,,100.0,100.0,FY22/Q4,x,,,,,x,,,,,100.0,x,,,,,x,,,,,100.0,100.0,FY23/Q1,X,,,,,X,,,,,100.0,X,,,,,X,,,,,100.0,100.0,FY23/Q2,X,,,,,X,,,,,100.0,X,,,,,X,,,,,100.0,100.0,FY23/Q3,X,,,,,X,,,,,100.0,FY23/Q4,X,,,,,X,,,,,100.0,X,,,,,X,,,,,100.0,100.0,,x,,,,,,x,,,,,,100.0,,X,,,,,,X,,,,,,100.0,100.0,,X,,,,,,X,,,,,,100.0,1/11/2024,X,,,,,,x,,,,,,100.0,100.0,,X,,,,,,X,,,,,,100.0,,X,,,,,,X,,,,,,100.0,1/11/2024,X,,,,,,x,,,,,,100.0,100.0
25,26.0,9.0,KER,58.0,,102.0,,103,,,,,,,Beg FY22,,1.0,,50.0,1.0,,,100.0,75.0,FY22/Q1,,1.0,,50.0,1.0,,,100.0,75.0,FY22/Q2,,,1,,,1.0,,50.0,50.0,FY22/Q3,x,,,,,x,,,,,100.0,x,,,,,x,,,,,100.0,100.0,FY22/Q4,x,,,,,x,,,,,100.0,x,,,,,x,,,,,100.0,100.0,FY23/Q1,X,,,,,X,,,,,100.0,X,,,,,X,,,,,100.0,100.0,FY23/Q2,X,,,,,X,,,,,100.0,X,,,,,X,,,,,100.0,100.0,FY23/Q3,X,,,,,X,,,,,100.0,FY23/Q4,X,,,,,X,,,,,100.0,X,,,,,X,,,,,100.0,100.0,,x,,,,,,x,,,,,,100.0,,X,,,,,,X,,,,,,100.0,100.0,,X,,,,,,X,,,,,,100.0,1/11/2024,X,,,,,,,x,,,,M,75.0,88.0,,X,,,,,,X,,,,,,100.0,,X,,,,,,X,,,,,,100.0,1/11/2024,X,,,,,,,x,,,,M,75.0,88.0
26,27.0,9.0,KER,58.0,,103.0,,104,1.0,,9.0,District 9 - Bishop Region,District 9 - Bishop Region,HiMt-3,Beg FY22,1.0,,,100.0,1.0,,,100.0,100.0,FY22/Q1,,1.0,,50.0,,1.0,,50.0,50.0,FY22/Q2,,,1,0.0,,1.0,,50.0,25.0,FY22/Q3,x,,,,,x,,,,,100.0,x,,,,,x,,,,,100.0,100.0,FY22/Q4,x,,,,,x,,,,,100.0,x,,,,,x,,,,,100.0,100.0,FY23/Q1,X,,,,,X,,,,,100.0,X,,,,,X,,,,,100.0,100.0,FY23/Q2,X,,,,,X,,,,,100.0,X,,,,,X,,,,,100.0,100.0,FY23/Q3,X,,,,,X,,,,,100.0,FY23/Q4,X,,,,,X,,,,,100.0,X,,,,,X,,,,,100.0,100.0,,x,,,,,,x,,,,,,100.0,,,X,,,,R,X,,,,,,75.0,88.0,,X,,,,,,X,,,,,,100.0,1/11/2024,X,,,,,,x,,,,,,100.0,100.0,,X,,,,,,X,,,,,,100.0,,X,,,,,,X,,,,,,100.0,1/11/2024,X,,,,,,x,,,,,,100.0,100.0
27,28.0,9.0,KER,58.0,,104.0,,105,1.0,,9.0,District 9 - Bishop Region,District 9 - Bishop Region,Des-3,Beg FY22,1.0,,,100.0,1.0,,,100.0,100.0,FY22/Q1,1.0,,,100.0,1.0,,,100.0,100.0,FY22/Q2,,,1,0.0,,1.0,,50.0,25.0,FY22/Q3,x,,,,,x,,,,,100.0,x,,,,,x,,,,,100.0,100.0,FY22/Q4,x,,,,,x,,,,,100.0,x,,,,,x,,,,,100.0,100.0,FY23/Q1,,X,,,,X,,,,,75.0,,X,,,,X,,,,,75.0,75.0,FY23/Q2,X,,,,,X,,,,,100.0,X,,,,,X,,,,,100.0,100.0,FY23/Q3,X,,,,,X,,,,,100.0,FY23/Q4,X,,,,,X,,,,,100.0,X,,,,,X,,,,,100.0,100.0,,x,,,,,,x,,,,,,100.0,,X,,,,,,X,,,,,,100.0,100.0,,X,,,,,,X,,,,,,100.0,1/11/2024,X,,,,,,x,,,,,,100.0,100.0,,X,,,,,,X,,,,,,100.0,,X,,,,,,X,,,,,,100.0,1/11/2024,X,,,,,,x,,,,,,100.0,100.0
28,29.0,9.0,KER,58.0,,105.0,,106,1.0,,9.0,District 9 - Bishop Region,District 9 - Bishop Region,Des-3,Beg FY22,1.0,,,100.0,1.0,,,100.0,100.0,FY22/Q1,1.0,,,100.0,,1.0,,50.0,75.0,FY22/Q2,,1.0,,50.0,,1.0,,50.0,50.0,FY22/Q3,x,,,,,x,,,,,100.0,x,,,,,x,,,,,100.0,100.0,FY22/Q4,x,,,,,x,,,,,100.0,x,,,,,x,,,,,100.0,100.0,FY23/Q1,X,,,,,X,,,,,100.0,X,,,,,X,,,,,100.0,100.0,FY23/Q2,X,,,,,X,,,,,100.0,X,,,,,X,,,,,100.0,100.0,FY23/Q3,X,,,,,X,,,,,100.0,FY23/Q4,X,,,,,X,,,,,100.0,X,,,,,X,,,,,100.0,100.0,,x,,,,,,x,,,,,,100.0,,X,,,,,,X,,,,,,100.0,100.0,,X,,,,,,X,,,,,,100.0,1/11/2024,X,,,,,,x,,,,,,100.0,100.0,,X,,,,,,X,,,,,,100.0,,X,,,,,,X,,,,,,100.0,1/11/2024,X,,,,,,x,,,,,,100.0,100.0
29,30.0,9.0,KER,58.0, ,106.0,R,107,,,,,,,Beg FY22,1.0,,,100.0,1.0,,,100.0,100.0,FY22/Q1,,1.0,,50.0,1.0,,,100.0,75.0,FY22/Q2,,1.0,,50.0,1.0,,,100.0,75.0,FY22/Q3,x,,,,,x,,,,,100.0,x,,,,,x,,,,,100.0,100.0,FY22/Q4,x,,,,,x,,,,,100.0,x,,,,,x,,,,,100.0,100.0,FY23/Q1,,X,,,,X,,,,,75.0,,X,,,,X,,,,,75.0,75.0,FY23/Q2,X,,,,,X,,,,,100.0,X,,,,,X,,,,,100.0,100.0,FY23/Q3,X,,,,,X,,,,,100.0,FY23/Q4,X,,,,,X,,,,,100.0,X,,,,,X,,,,,100.0,100.0,,x,,,,,,x,,,,,,100.0,,X,,,,,,X,,,,,,100.0,100.0,,X,,,,,,,X,,,,R,75.0,1/11/2024,X,,,,,,x,,,,,,100.0,88.0,,X,,,,,,X,,,,,,100.0,,X,,,,,,X,,,,,,100.0,1/11/2024,X,,,,,,x,,,,,,100.0,100.0
30,31.0,9.0,KER,58.0,R,107.0,M,108,,,,,,,Beg FY22,1.0,,,100.0,1.0,,,100.0,100.0,FY22/Q1,,1.0,,50.0,1.0,,,100.0,75.0,FY22/Q2,,,1,0.0,1.0,,,100.0,50.0,FY22/Q3,x,,,,,x,,,,,100.0,x,,,,,x,,,,,100.0,100.0,FY22/Q4,x,,,,,x,,,,,100.0,x,,,,,x,,,,,100.0,100.0,FY23/Q1,X,,,,,X,,,,,100.0,X,,,,,X,,,,,100.0,100.0,FY23/Q2,X,,,,,X,,,,,100.0,X,,,,,X,,,,,100.0,100.0,FY23/Q3,X,,,,,X,,,,,100.0,FY23/Q4,X,,,,,X,,,,,100.0,X,,,,,X,,,,,100.0,100.0,,x,,,,,,x,,,,,,100.0,,X,,,,,,X,,,,,,100.0,100.0,,X,,,,,,X,,,,,,100.0,1/11/2024,X,,,,,,x,,,,,,100.0,100.0,,X,,,,,,X,,,,,,100.0,,X,,,,,,X,,,,,,100.0,1/11/2024,X,,,,,,x,,,,,,100.0,100.0
31,32.0,9.0,KER,58.0,M,108.0,M,109,,,,,,,Beg FY22,1.0,,,100.0,1.0,,,100.0,100.0,FY22/Q1,,1.0,,50.0,1.0,,,100.0,75.0,FY22/Q2,,,1,0.0,1.0,,,100.0,50.0,FY22/Q3,x,,,,,x,,,,,100.0,x,,,,,x,,,,,100.0,100.0,FY22/Q4,x,,,,,x,,,,,100.0,x,,,,,x,,,,,100.0,100.0,FY23/Q1,X,,,,,X,,,,,100.0,X,,,,,X,,,,,100.0,100.0,FY23/Q2,X,,,,,X,,,,,100.0,X,,,,,X,,,,,100.0,100.0,FY23/Q3,X,,,,,X,,,,,100.0,FY23/Q4,X,,,,,X,,,,,100.0,X,,,,,X,,,,,100.0,100.0,,x,,,,,,x,,,,,M,100.0,,X,,,,,,,X,,,,M,75.0,88.0,,X,,,,,,X,,,,,,100.0,1/11/2024,X,,,,,,x,,,,,,100.0,100.0,,X,,,,,,X,,,,,,100.0,,X,,,,,,X,,,,,,100.0,1/11/2024,X,,,,,,x,,,,,,100.0,100.0
32,33.0,9.0,KER,58.0,M,109.0,M,110,1.0,,9.0,District 9 - Bishop Region,District 9 - Bishop Region,HiMt-3,Beg FY22,1.0,,,100.0,1.0,,,100.0,100.0,FY22/Q1,1.0,,,100.0,1.0,,,100.0,100.0,FY22/Q2,,1.0,,50.0,1.0,,,100.0,75.0,FY22/Q3,x,,,,,x,,,,,100.0,x,,,,,x,,,,,100.0,100.0,FY22/Q4,x,,,,,x,,,,,100.0,x,,,,,x,,,,,100.0,100.0,FY23/Q1,,X,,,,X,,,,,75.0,,X,,,,X,,,,,75.0,75.0,FY23/Q2,X,,,,,X,,,,,100.0,X,,,,,X,,,,,100.0,100.0,FY23/Q3,X,,,,,X,,,,,100.0,FY23/Q4,X,,,,,X,,,,,100.0,X,,,,,X,,,,,100.0,100.0,,x,,,,,,x,,,,,,100.0,,X,,,,,,X,,,,,,100.0,100.0,,X,,,,,,X,,,,,,100.0,1/11/2024,X,,,,,,x,,,,,,100.0,100.0,,X,,,,,,X,,,,,,100.0,,X,,,,,,X,,,,,,100.0,1/11/2024,X,,,,,,x,,,,,,100.0,100.0
33,34.0,9.0,KER,58.0,M,110.0,M,111,1.0,,9.0,District 9 - Bishop Region,District 9 - Bishop Region,HiMt-3,Beg FY22,1.0,,,100.0,1.0,,,100.0,100.0,FY22/Q1,,1.0,,50.0,1.0,,,100.0,75.0,FY22/Q2,,1.0,,50.0,1.0,,,100.0,75.0,FY22/Q3,x,,,,,x,,,,,100.0,x,,,,,x,,,,,100.0,100.0,FY22/Q4,x,,,,,x,,,,,100.0,x,,,,,x,,,,,100.0,100.0,FY23/Q1,X,,,,,X,,,,,100.0,X,,,,,X,,,,,100.0,100.0,FY23/Q2,X,,,,,X,,,,,100.0,X,,,,,X,,,,,100.0,100.0,FY23/Q3,X,,,,,X,,,,,100.0,FY23/Q4,X,,,,,X,,,,,100.0,X,,,,,X,,,,,100.0,100.0,,x,,,,,,x,,,,,,100.0,,X,,,,,,X,,,,,,100.0,100.0,,X,,,,,,X,,,,,,100.0,1/11/2024,X,,,,,,x,,,,,,100.0,100.0,,X,,,,,,X,,,,,,100.0,,X,,,,,,X,,,,,,100.0,1/11/2024,X,,,,,,x,,,,,,100.0,100.0
34,35.0,9.0,KER,58.0,M,111.0,M,112,1.0,,9.0,District 9 - Bishop Region,District 9 - Bishop Region,HiMt-3,Beg FY22,,1.0,,50.0,1.0,,,100.0,75.0,FY22/Q1,,1.0,,50.0,1.0,,,100.0,75.0,FY22/Q2,1.0,,,100.0,1.0,,,100.0,100.0,FY22/Q3,x,,,,,x,,,,,100.0,x,,,,,x,,,,,100.0,100.0,FY22/Q4,x,,,,,x,,,,,100.0,x,,,,,x,,,,,100.0,100.0,FY23/Q1,X,,,,,X,,,,,100.0,X,,,,,X,,,,,100.0,100.0,FY23/Q2,X,,,,,X,,,,,100.0,X,,,,,X,,,,,100.0,100.0,FY23/Q3,X,,,,,X,,,,,100.0,FY23/Q4,X,,,,,X,,,,,100.0,X,,,,,X,,,,,100.0,100.0,,x,,,,,,x,,,,,,100.0,,X,,,,,,X,,,,,,100.0,100.0,,X,,,,,,X,,,,,,100.0,1/11/2024,X,,,,,,x,,,,,,100.0,100.0,,X,,,,,,X,,,,,,100.0,,X,,,,,,X,,,,,,100.0,1/11/2024,X,,,,,,x,,,,,,100.0,100.0
35,36.0,9.0,KER,58.0,M,112.0,M,113,1.0,,9.0,District 9 - Bishop Region,District 9 - Bishop Region,HiMt-3,Beg FY22,1.0,,,100.0,1.0,,,100.0,100.0,FY22/Q1,,1.0,,50.0,1.0,,,100.0,75.0,FY22/Q2,,1.0,,50.0,1.0,,,100.0,75.0,FY22/Q3,x,,,,,x,,,,,100.0,x,,,,,x,,,,,100.0,100.0,FY22/Q4,x,,,,,x,,,,,100.0,x,,,,,x,,,,,100.0,100.0,FY23/Q1,X,,,,,X,,,,,100.0,X,,,,,X,,,,,100.0,100.0,FY23/Q2,X,,,,,X,,,,,100.0,X,,,,,X,,,,,100.0,100.0,FY23/Q3,X,,,,,X,,,,,100.0,FY23/Q4,X,,,,,X,,,,,100.0,X,,,,,X,,,,,100.0,100.0,,x,,,,,,x,,,,,,100.0,,X,,,,,,X,,,,,,100.0,100.0,,X,,,,,,X,,,,,,100.0,1/11/2024,X,,,,,,x,,,,,,100.0,100.0,,X,,,,,,X,,,,,,100.0,,X,,,,,,X,,,,,,100.0,1/11/2024,X,,,,,,x,,,,,,100.0,100.0
36,37.0,9.0,KER,58.0,M,113.0,M,114,1.0,,9.0,District 9 - Bishop Region,District 9 - Bishop Region,HiMt-3,Beg FY22,,1.0,,50.0,1.0,,,100.0,75.0,FY22/Q1,,,1,0.0,1.0,,,100.0,50.0,FY22/Q2,,1.0,,50.0,1.0,,,100.0,75.0,FY22/Q3,x,,,,,x,,,,,100.0,x,,,,,x,,,,,100.0,100.0,FY22/Q4,x,,,,,x,,,,,100.0,x,,,,,x,,,,,100.0,100.0,FY23/Q1,X,,,,,X,,,,,100.0,X,,,,,X,,,,,100.0,100.0,FY23/Q2,X,,,,,X,,,,,100.0,X,,,,,X,,,,,100.0,100.0,FY23/Q3,X,,,,,X,,,,,100.0,FY23/Q4,X,,,,,X,,,,,100.0,X,,,,,X,,,,,100.0,100.0,,x,,,,,,x,,,,,,100.0,,X,,,,,,X,,,,,,100.0,100.0,,X,,,,,,X,,,,,,100.0,1/11/2024,X,,,,,,x,,,,,,100.0,100.0,,X,,,,,,X,,,,,,100.0,,X,,,,,,X,,,,,,100.0,1/11/2024,X,,,,,,x,,,,,,100.0,100.0
37,38.0,9.0,KER,58.0,M,114.0,M,115,1.0,,9.0,District 9 - Bishop Region,District 9 - Bishop Region,HiMt-3,Beg FY22,1.0,,,100.0,1.0,,,100.0,100.0,FY22/Q1,,,1,0.0,1.0,,,100.0,50.0,FY22/Q2,,,1,0.0,1.0,,,100.0,50.0,FY22/Q3,x,,,,,x,,,,,100.0,x,,,,,x,,,,,100.0,100.0,FY22/Q4,x,,,,,x,,,,,100.0,x,,,,,x,,,,,100.0,100.0,FY23/Q1,X,,,,,X,,,,,100.0,X,,,,,X,,,,,100.0,100.0,FY23/Q2,X,,,,,X,,,,,100.0,X,,,,,X,,,,,100.0,100.0,FY23/Q3,X,,,,,X,,,,,100.0,FY23/Q4,X,,,,,X,,,,,100.0,X,,,,,X,,,,,100.0,100.0,,x,,,,,,x,,,,,,100.0,,X,,,,,,X,,,,,,100.0,100.0,,X,,,,,,X,,,,,,100.0,1/11/2024,X,,,,,,x,,,,,,100.0,100.0,,X,,,,,,X,,,,,,100.0,,X,,,,,,X,,,,,,100.0,1/11/2024,X,,,,,,x,,,,,,100.0,100.0
38,39.0,9.0,KER,58.0,M,115.0,M,116,1.0,,9.0,District 9 - Bishop Region,District 9 - Bishop Region,HiMt-3,Beg FY22,1.0,,,100.0,1.0,,,100.0,100.0,FY22/Q1,,1.0,,50.0,1.0,,,100.0,75.0,FY22/Q2,,1.0,,50.0,,1.0,,50.0,50.0,FY22/Q3,x,,,,,x,,,,,100.0,x,,,,,x,,,,,100.0,100.0,FY22/Q4,x,,,,,x,,,,,100.0,x,,,,,x,,,,,100.0,100.0,FY23/Q1,X,,,,,X,,,,,100.0,X,,,,,X,,,,,100.0,100.0,FY23/Q2,X,,,,,X,,,,,100.0,X,,,,,X,,,,,100.0,100.0,FY23/Q3,X,,,,,X,,,,,100.0,FY23/Q4,X,,,,,X,,,,,100.0,X,,,,,X,,,,,100.0,100.0,,x,,,,,,x,,,,,,100.0,,X,,,,,,X,,,,,,100.0,100.0,,X,,,,,,X,,,,,,100.0,1/11/2024,X,,,,,,x,,,,,,100.0,100.0,,X,,,,,,X,,,,,,100.0,,X,,,,,,X,,,,,,100.0,1/11/2024,X,,,,,,x,,,,,,100.0,100.0
39,40.0,9.0,KER,58.0,M,116.0,M,117,1.0,,9.0,District 9 - Bishop Region,District 9 - Bishop Region,HiMt-3,Beg FY22,,1.0,,50.0,1.0,,,100.0,75.0,FY22/Q1,,1.0,,50.0,1.0,,,100.0,75.0,FY22/Q2,,1.0,,50.0,1.0,,,100.0,75.0,FY22/Q3,x,,,,,x,,,,,100.0,x,,,,,x,,,,,100.0,100.0,FY22/Q4,x,,,,,x,,,,,100.0,x,,,,,x,,,,,100.0,100.0,FY23/Q1,X,,,,,X,,,,,100.0,X,,,,,X,,,,,100.0,100.0,FY23/Q2,X,,,,,X,,,,,100.0,X,,,,,X,,,,,100.0,100.0,FY23/Q3,X,,,,,X,,,,,100.0,FY23/Q4,X,,,,,X,,,,,100.0,X,,,,,X,,,,,100.0,100.0,,x,,,,,,x,,,,,,100.0,,X,,,,,,X,,,,,,100.0,100.0,,X,,,,,,X,,,,,,100.0,1/11/2024,X,,,,,,x,,,,,,100.0,100.0,,X,,,,,,X,,,,,,100.0,,X,,,,,,X,,,,,,100.0,1/11/2024,X,,,,,,x,,,,,,100.0,100.0
40,41.0,9.0,KER,58.0,M,117.0,R,118,,,,,,,Beg FY22,,,1,0.0,1.0,,,100.0,50.0,FY22/Q1,,,1,0.0,1.0,,,100.0,50.0,FY22/Q2,,1.0,,50.0,1.0,,,100.0,75.0,FY22/Q3,,x,,,,x,,,,,75.0,,x,,,,x,,,,,75.0,75.0,FY22/Q4,x,,,,,x,,,,,100.0,x,,,,,x,,,,,100.0,100.0,FY23/Q1,,X,,,,X,,,,,75.0,,X,,,,X,,,,,75.0,75.0,FY23/Q2,X,,,,,X,,,,,100.0,X,,,,,X,,,,,100.0,100.0,FY23/Q3,X,,,,,X,,,,,100.0,FY23/Q4,,XM,,,,X,,,,,75.0,,X,,,,X,,,,,75.0,75.0,,x,,,,,,x,,,,,,100.0,,X,,,,,,X,,,,,,100.0,100.0,,X,,,,,,X,,,,,,100.0,1/11/2024,X,,,,,,x,,,,,,100.0,100.0,,X,,,,,,X,,,,,,100.0,,,X,,,,S,X,,,,,,75.0,1/11/2024,X,,,,,,x,,,,,,100.0,88.0
41,42.0,9.0,KER,58.0,R,118.0,R,119,1.0,,9.0,District 9 - Bishop Region,District 9 - Bishop Region,Des-3,Beg FY22,1.0,,,100.0,1.0,,,100.0,100.0,FY22/Q1,,1.0,,50.0,1.0,,,100.0,75.0,FY22/Q2,,1.0,,50.0,1.0,,,100.0,75.0,FY22/Q3,x,,,,,x,,,,,100.0,x,,,,,x,,,,,100.0,100.0,FY22/Q4,x,,,,,x,,,,,100.0,x,,,,,x,,,,,100.0,100.0,FY23/Q1,,X,,,,X,,,,,75.0,,X,,,,X,,,,,75.0,75.0,FY23/Q2,X,,,,,X,,,,,100.0,X,,,,,X,,,,,100.0,100.0,FY23/Q3,X,,,,,X,,,,,100.0,FY23/Q4,X,,,,,X,,,,,100.0,X,,,,,X,,,,,100.0,100.0,,x,,,,,,x,,,,,,100.0,,X,,,,,,X,,,,,,100.0,100.0,,X,,,,,,X,,,,,,100.0,1/11/2024,X,,,,,,x,,,,,,100.0,100.0,,X,,,,,,X,,,,,,100.0,,X,,,,,,X,,,,,,100.0,1/11/2024,X,,,,,,x,,,,,,100.0,100.0
42,43.0,9.0,KER,58.0,R,119.0,R,120,1.0,,9.0,District 9 - Bishop Region,District 9 - Bishop Region,Des-3,Beg FY22,,1.0,,50.0,1.0,,,100.0,75.0,FY22/Q1,,1.0,,50.0,1.0,,,100.0,75.0,FY22/Q2,1.0,,,100.0,1.0,,,100.0,100.0,FY22/Q3,x,,,,,x,,,,,100.0,x,,,,,x,,,,,100.0,100.0,FY22/Q4,x,,,,,x,,,,,100.0,x,,,,,x,,,,,100.0,100.0,FY23/Q1,X,,,,,X,,,,,100.0,X,,,,,X,,,,,100.0,100.0,FY23/Q2,X,,,,,X,,,,,100.0,X,,,,,X,,,,,100.0,100.0,FY23/Q3,X,,,,,X,,,,,100.0,FY23/Q4,X,,,,,X,,,,,100.0,X,,,,,X,,,,,100.0,100.0,,x,,,,,,x,,,,,,100.0,,X,,,,,,X,,,,,,100.0,100.0,,X,,,,,,X,,,,,,100.0,1/11/2024,X,,,,,,x,,,,,,100.0,100.0,,X,,,,,,X,,,,,,100.0,,X,,,,,,X,,,,,,100.0,1/11/2024,X,,,,,,x,,,,,,100.0,100.0
43,44.0,9.0,KER,58.0,R,120.0,R,121,1.0,,9.0,District 9 - Bishop Region,District 9 - Bishop Region,Des-3,Beg FY22,1.0,,,100.0,1.0,,,100.0,100.0,FY22/Q1,,,1,0.0,,1.0,,100.0,50.0,FY22/Q2,,1.0,,50.0,1.0,,,100.0,75.0,FY22/Q3,x,,,,,x,,,,,100.0,x,,,,,x,,,,,100.0,100.0,FY22/Q4,x,,,,,x,,,,,100.0,x,,,,,x,,,,,100.0,100.0,FY23/Q1,,X,,,,X,,,,,75.0,,X,,,,X,,,,,75.0,75.0,FY23/Q2,X,,,,,X,,,,,100.0,X,,,,,X,,,,,100.0,100.0,FY23/Q3,X,,,,,X,,,,,100.0,FY23/Q4,X,,,,,X,,,,,100.0,X,,,,,X,,,,,100.0,100.0,,x,,,,,,x,,,,,,100.0,,X,,,,,,X,,,,,,100.0,100.0,,X,,,,,,X,,,,,,100.0,1/11/2024,X,,,,,,x,,,,,,100.0,100.0,,X,,,,,,X,,,,,,100.0,,X,,,,,,X,,,,,,100.0,1/11/2024,X,,,,,,x,,,,,,100.0,100.0
44,45.0,9.0,KER,58.0,R,121.0,R,122,1.0,,9.0,District 9 - Bishop Region,District 9 - Bishop Region,Des-3,Beg FY22,1.0,,,100.0,1.0,,,100.0,100.0,FY22/Q1,1.0,,,100.0,1.0,,,100.0,100.0,FY22/Q2,1.0,,,100.0,1.0,,,100.0,100.0,FY22/Q3,x,,,,,x,,,,,100.0,x,,,,,x,,,,,100.0,100.0,FY22/Q4,x,,,,,x,,,,,100.0,x,,,,,x,,,,,100.0,100.0,FY23/Q1,X,,,,,X,,,,,100.0,X,,,,,X,,,,,100.0,100.0,FY23/Q2,X,,,,,X,,,,,100.0,X,,,,,X,,,,,100.0,100.0,FY23/Q3,X,,,,,X,,,,,100.0,FY23/Q4,X,,,,,X,,,,,100.0,X,,,,,X,,,,,100.0,100.0,,x,,,,,,x,,,,,,100.0,,X,,,,,,X,,,,,,100.0,100.0,,X,,,,,,X,,,,,,100.0,1/11/2024,X,,,,,,x,,,,,,100.0,100.0,,X,,,,,,X,,,,,,100.0,,X,,,,,,X,,,,,,100.0,1/11/2024,X,,,,,,x,,,,,,100.0,100.0
45,46.0,9.0,KER,58.0,R,122.0,R,123,1.0,,9.0,District 9 - Bishop Region,District 9 - Bishop Region,Des-3,Beg FY22,,1.0,,50.0,1.0,,,100.0,75.0,FY22/Q1,,1.0,,50.0,1.0,,,100.0,75.0,FY22/Q2,,1.0,,50.0,1.0,,,100.0,75.0,FY22/Q3,x,,,,,x,,,,,100.0,x,,,,,x,,,,,100.0,100.0,FY22/Q4,x,,,,,x,,,,,100.0,x,,,,,x,,,,,100.0,100.0,FY23/Q1,X,,,,,X,,,,,100.0,X,,,,,X,,,,,100.0,100.0,FY23/Q2,X,,,,,X,,,,,100.0,X,,,,,X,,,,,100.0,100.0,FY23/Q3,X,,,,,X,,,,,100.0,FY23/Q4,X,,,,,X,,,,,100.0,X,,,,,X,,,,,100.0,100.0,,x,,,,,,x,,,,,,100.0,,X,,,,,,X,,,,,,100.0,100.0,,X,,,,,,X,,,,,,100.0,1/11/2024,X,,,,,,x,,,,,,100.0,100.0,,X,,,,,,X,,,,,,100.0,,X,,,,,,X,,,,,,100.0,1/11/2024,X,,,,,,x,,,,,,100.0,100.0
46,47.0,9.0,KER,58.0,R,123.0,R,124,1.0,,9.0,District 9 - Bishop Region,District 9 - Bishop Region,Des-3,Beg FY22,,1.0,,50.0,1.0,,,100.0,75.0,FY22/Q1,,,1,0.0,1.0,,,100.0,50.0,FY22/Q2,1.0,,,100.0,1.0,,,100.0,100.0,FY22/Q3,x,,,,,x,,,,,100.0,x,,,,,x,,,,,100.0,100.0,FY22/Q4,x,,,,,x,,,,,100.0,x,,,,,x,,,,,100.0,100.0,FY23/Q1,X,,,,,X,,,,,100.0,X,,,,,X,,,,,100.0,100.0,FY23/Q2,X,,,,,X,,,,,100.0,X,,,,,X,,,,,100.0,100.0,FY23/Q3,X,,,,,X,,,,,100.0,FY23/Q4,X,,,,,X,,,,,100.0,X,,,,,X,,,,,100.0,100.0,,x,,,,,,x,,,,,,100.0,,X,,,,,,X,,,,,,100.0,100.0,,X,,,,,,X,,,,,,100.0,1/11/2024,X,,,,,,x,,,,,,100.0,100.0,,X,,,,,,X,,,,,,100.0,,X,,,,,,X,,,,,,100.0,1/11/2024,X,,,,,,x,,,,,,100.0,100.0
47,48.0,9.0,KER,58.0,R,124.0,R,125,1.0,,9.0,District 9 - Bishop Region,District 9 - Bishop Region,Des-3,Beg FY22,1.0,,,100.0,1.0,,,100.0,100.0,FY22/Q1,,1.0,,50.0,1.0,,,100.0,75.0,FY22/Q2,1.0,,,100.0,1.0,,,100.0,100.0,FY22/Q3,x,,,,,x,,,,,100.0,x,,,,,x,,,,,100.0,100.0,FY22/Q4,x,,,,,x,,,,,100.0,x,,,,,x,,,,,100.0,100.0,FY23/Q1,,X,,,,X,,,,,75.0,,X,,,,X,,,,,75.0,75.0,FY23/Q2,X,,,,,X,,,,,100.0,X,,,,,X,,,,,100.0,100.0,FY23/Q3,X,,,,,X,,,,,100.0,FY23/Q4,X,,,,,X,,,,,100.0,X,,,,,X,,,,,100.0,100.0,,x,,,,,,x,,,,,,100.0,,X,,,,,,X,,,,,,100.0,100.0,,X,,,,,,X,,,,,,100.0,1/11/2024,X,,,,,,x,,,,,,100.0,100.0,,X,,,,,,X,,,,,,100.0,,X,,,,,,X,,,,,,100.0,1/11/2024,X,,,,,,x,,,,,,100.0,100.0
48,49.0,9.0,KER,58.0,R,125.0,R,126,1.0,,9.0,District 9 - Bishop Region,District 9 - Bishop Region,Des-3,Beg FY22,1.0,,,100.0,1.0,,,100.0,100.0,FY22/Q1,1.0,,,100.0,1.0,,,100.0,100.0,FY22/Q2,,1.0,,50.0,1.0,,,100.0,75.0,FY22/Q3,x,,,,,x,,,,,100.0,x,,,,,x,,,,,100.0,100.0,FY22/Q4,x,,,,,x,,,,,100.0,x,,,,,x,,,,,100.0,100.0,FY23/Q1,,X,,,,X,,,,,75.0,,X,,,,X,,,,,75.0,75.0,FY23/Q2,X,,,,,X,,,,,100.0,X,,,,,X,,,,,100.0,100.0,FY23/Q3,X,,,,,X,,,,,100.0,FY23/Q4,X,,,,,X,,,,,100.0,X,,,,,X,,,,,100.0,100.0,,x,,,,,,x,,,,,,100.0,,X,,,,,,X,,,,,,100.0,100.0,,X,,,,,,X,,,,,,100.0,1/11/2024,X,,,,,,x,,,,,,100.0,100.0,,X,,,,,,X,,,,,,100.0,,X,,,,,,X,,,,,,100.0,1/11/2024,X,,,,,,x,,,,,,100.0,100.0
49,50.0,9.0,KER,58.0,R,126.0,R,127,1.0,,9.0,District 9 - Bishop Region,District 9 - Bishop Region,Des-3,Beg FY22,1.0,,,100.0,1.0,,,100.0,100.0,FY22/Q1,1.0,,,100.0,1.0,,,100.0,100.0,FY22/Q2,1.0,,,100.0,1.0,,,100.0,100.0,FY22/Q3,x,,,,,x,,,,,100.0,x,,,,,x,,,,,100.0,100.0,FY22/Q4,x,,,,,x,,,,,100.0,x,,,,,x,,,,,100.0,100.0,FY23/Q1,X,,,,,X,,,,,100.0,X,,,,,X,,,,,100.0,100.0,FY23/Q2,X,,,,,X,,,,,100.0,X,,,,,X,,,,,100.0,100.0,FY23/Q3,X,,,,,X,,,,,100.0,FY23/Q4,X,,,,,X,,,,,100.0,X,,,,,X,,,,,100.0,100.0,,x,,,,,,x,,,,,,100.0,,X,,,,,,X,,,,,,100.0,100.0,,X,,,,,,X,,,,,,100.0,1/11/2024,X,,,,,,x,,,,,,100.0,100.0,,X,,,,,,X,,,,,,100.0,,X,,,,,,X,,,,,,100.0,1/11/2024,X,,,,,,x,,,,,,100.0,100.0
50,51.0,9.0,KER,58.0,R,127.0,R,128,1.0,,9.0,District 9 - Bishop Region,District 9 - Bishop Region,Des-3,Beg FY22,,1.0,,50.0,1.0,,,100.0,75.0,FY22/Q1,1.0,,,100.0,1.0,,,100.0,100.0,FY22/Q2,1.0,,,100.0,1.0,,,100.0,100.0,FY22/Q3,x,,,,,x,,,,,100.0,x,,,,,x,,,,,100.0,100.0,FY22/Q4,x,,,,,x,,,,,100.0,x,,,,,x,,,,,100.0,100.0,FY23/Q1,,X,,,,X,,,,,75.0,,X,,,,X,,,,,75.0,75.0,FY23/Q2,X,,,,,X,,,,,100.0,X,,,,,X,,,,,100.0,100.0,FY23/Q3,X,,,,,X,,,,,100.0,FY23/Q4,X,,,,,X,,,,,100.0,X,,,,,X,,,,,100.0,100.0,,x,,,,,,x,,,,,,100.0,,X,,,,,,X,,,,,,100.0,100.0,,X,,,,,,X,,,,,,100.0,1/11/2024,X,,,,,,x,,,,,,100.0,100.0,,X,,,,,,X,,,,,,100.0,,X,,,,,,X,,,,,,100.0,1/11/2024,X,,,,,,x,,,,,,100.0,100.0
51,52.0,9.0,KER,58.0,R,128.0,R,129,1.0,,9.0,District 9 - Bishop Region,District 9 - Bishop Region,Des-3,Beg FY22,1.0,,,100.0,1.0,,,100.0,100.0,FY22/Q1,,1.0,,50.0,1.0,,,100.0,75.0,FY22/Q2,1.0,,,100.0,1.0,,,100.0,100.0,FY22/Q3,x,,,,,x,,,,,100.0,x,,,,,x,,,,,100.0,100.0,FY22/Q4,x,,,,,x,,,,,100.0,x,,,,,x,,,,,100.0,100.0,FY23/Q1,X,,,,,X,,,,,100.0,X,,,,,X,,,,,100.0,100.0,FY23/Q2,X,,,,,X,,,,,100.0,X,,,,,X,,,,,100.0,100.0,FY23/Q3,X,,,,,X,,,,,100.0,FY23/Q4,X,,,,,X,,,,,100.0,X,,,,,X,,,,,100.0,100.0,,x,,,,,,x,,,,,,100.0,,X,,,,,,X,,,,,,100.0,100.0,,X,,,,,,X,,,,,,100.0,1/11/2024,X,,,,,,x,,,,,,100.0,100.0,,X,,,,,,X,,,,,,100.0,,X,,,,,,X,,,,,,100.0,1/11/2024,X,,,,,,x,,,,,,100.0,100.0
52,53.0,9.0,KER,58.0,R,129.0,R,130,1.0,,9.0,District 9 - Bishop Region,District 9 - Bishop Region,Des-3,Beg FY22,,1.0,,50.0,1.0,,,100.0,75.0,FY22/Q1,,,1,0.0,1.0,,,100.0,50.0,FY22/Q2,1.0,,,100.0,1.0,,,100.0,100.0,FY22/Q3,x,,,,,x,,,,,100.0,x,,,,,x,,,,,100.0,100.0,FY22/Q4,x,,,,,x,,,,,100.0,x,,,,,x,,,,,100.0,100.0,FY23/Q1,X,,,,,X,,,,,100.0,,X,,,,X,,,,,75.0,88.0,FY23/Q2,X,,,,,X,,,,,100.0,X,,,,,X,,,,,100.0,100.0,FY23/Q3,X,,,,,X,,,,,100.0,FY23/Q4,X,,,,,X,,,,,100.0,X,,,,,X,,,,,100.0,100.0,,x,,,,,,x,,,,,,100.0,,X,,,,,,X,,,,,,100.0,100.0,,X,,,,,,X,,,,,,100.0,1/11/2024,X,,,,,,x,,,,,,100.0,100.0,,X,,,,,,X,,,,,,100.0,,X,,,,,,X,,,,,,100.0,1/11/2024,X,,,,,,x,,,,,,100.0,100.0
53,54.0,9.0,KER,58.0,R,130.0,R,131,1.0,,9.0,District 9 - Bishop Region,District 9 - Bishop Region,Des-3,Beg FY22,,1.0,,50.0,1.0,,,100.0,75.0,FY22/Q1,,,1,0.0,1.0,,,100.0,50.0,FY22/Q2,,,1,0.0,1.0,,,100.0,50.0,FY22/Q3,x,,,,,x,,,,,100.0,x,,,,,x,,,,,100.0,100.0,FY22/Q4,x,,,,,x,,,,,100.0,x,,,,,x,,,,,100.0,100.0,FY23/Q1,X,,,,,X,,,,,100.0,X,,,,,X,,,,,100.0,100.0,FY23/Q2,X,,,,,X,,,,,100.0,X,,,,,X,,,,,100.0,100.0,FY23/Q3,X,,,,,X,,,,,100.0,FY23/Q4,X,,,,,X,,,,,100.0,X,,,,,X,,,,,100.0,100.0,,x,,,,,,x,,,,,,100.0,,X,,,,,,X,,,,,,100.0,100.0,,X,,,,,,X,,,,,,100.0,1/11/2024,X,,,,,,x,,,,,,100.0,100.0,,X,,,,,,,X,,,,RUBBER,75.0,,X,,,,,,X,,,,,,100.0,1/11/2024,X,,,,,,x,,,,,,100.0,100.0
54,55.0,9.0,KER,58.0,R,131.0,R,132,1.0,,9.0,District 9 - Bishop Region,District 9 - Bishop Region,Des-3,Beg FY22,,1.0,,50.0,1.0,,,100.0,75.0,FY22/Q1,,,1,0.0,1.0,,,100.0,50.0,FY22/Q2,,1.0,,50.0,1.0,,,100.0,75.0,FY22/Q3,x,,,,,x,,,,,100.0,x,,,,,x,,,,,100.0,100.0,FY22/Q4,x,,,,,x,,,,,100.0,x,,,,,x,,,,,100.0,100.0,FY23/Q1,,X,,,,X,,,,,75.0,,X,,,,X,,,,,75.0,75.0,FY23/Q2,X,,,,,X,,,,,100.0,X,,,,,X,,,,,100.0,100.0,FY23/Q3,X,,,,,X,,,,,100.0,FY23/Q4,X,,,,,X,,,,,100.0,X,,,,,X,,,,,100.0,100.0,,x,,,,,,x,,,,,,100.0,,X,,,,,,X,,,,,,100.0,100.0,,X,,,,,,X,,,,,,100.0,1/11/2024,X,,,,,,x,,,,,,100.0,100.0,,X,,,,,,X,,,,,,100.0,,X,,,,,,X,,,,,,100.0,1/11/2024,X,,,,,,x,,,,,,100.0,100.0
55,56.0,9.0,KER,58.0,R,132.0,R,133,1.0,,9.0,District 9 - Bishop Region,District 9 - Bishop Region,Des-3,Beg FY22,,,1,0.0,1.0,,,100.0,50.0,FY22/Q1,,,1,0.0,1.0,,,100.0,50.0,FY22/Q2,,1.0,,50.0,1.0,,,100.0,75.0,FY22/Q3,x,,,,,x,,,,,100.0,x,,,,,x,,,,,100.0,100.0,FY22/Q4,x,,,,,x,,,,,100.0,x,,,,,x,,,,,100.0,100.0,FY23/Q1,,X,,,,X,,,,,75.0,,X,,,,X,,,,,75.0,75.0,FY23/Q2,X,,,,,X,,,,,100.0,X,,,,,X,,,,,100.0,100.0,FY23/Q3,X,,,,,X,,,,,100.0,FY23/Q4,X,,,,,X,,,,,100.0,X,,,,,X,,,,,100.0,100.0,,x,,,,,,x,,,,,,100.0,,X,,,,,,X,,,,,,100.0,100.0,,X,,,,,,X,,,,,,100.0,1/11/2024,X,,,,,,x,,,,,,100.0,100.0,,X,,,,,,X,,,,,,100.0,,X,,,,,,X,,,,,,100.0,1/11/2024,X,,,,,,x,,,,,,100.0,100.0
56,57.0,9.0,KER,58.0,R,133.0,R,134,1.0,,9.0,District 9 - Bishop Region,District 9 - Bishop Region,Des-3,Beg FY22,,1.0,,50.0,1.0,,,100.0,75.0,FY22/Q1,,1.0,,50.0,1.0,,,100.0,75.0,FY22/Q2,1.0,,,100.0,1.0,,,100.0,100.0,FY22/Q3,x,,,,,x,,,,,100.0,x,,,,,x,,,,,100.0,100.0,FY22/Q4,x,,,,,x,,,,,100.0,x,,,,,x,,,,,100.0,100.0,FY23/Q1,,X,,,,X,,,,,75.0,,X,,,,X,,,,,75.0,75.0,FY23/Q2,X,,,,,X,,,,,100.0,X,,,,,X,,,,,100.0,100.0,FY23/Q3,X,,,,,X,,,,,100.0,FY23/Q4,X,,,,,X,,,,,100.0,X,,,,,X,,,,,100.0,100.0,,x,,,,,,x,,,,,,100.0,,X,,,,,,X,,,,,,100.0,100.0,,X,,,,,,X,,,,,,100.0,1/11/2024,X,,,,,,x,,,,,,100.0,100.0,,X,,,,,,X,,,,,,100.0,,X,,,,,,X,,,,,,100.0,1/11/2024,X,,,,,,x,,,,,,100.0,100.0
57,58.0,9.0,KER,58.0,R,134.0,R,135,1.0,,9.0,District 9 - Bishop Region,District 9 - Bishop Region,Des-3,Beg FY22,,1.0,,50.0,1.0,,,100.0,75.0,FY22/Q1,,1.0,,50.0,1.0,,,100.0,75.0,FY22/Q2,1.0,,,100.0,1.0,,,100.0,100.0,FY22/Q3,x,,,,,x,,,,,100.0,x,,,,,x,,,,,100.0,100.0,FY22/Q4,x,,,,,x,,,,,100.0,x,,,,,x,,,,,100.0,100.0,FY23/Q1,X,,,,,X,,,,,100.0,,X,,,,X,,,,,75.0,88.0,FY23/Q2,X,,,,,X,,,,,100.0,X,,,,,X,,,,,100.0,100.0,FY23/Q3,X,,,,,X,,,,,100.0,FY23/Q4,X,,,,,X,,,,,100.0,X,,,,,X,,,,,100.0,100.0,,x,,,,,,x,,,,,,100.0,,X,,,,,,X,,,,,,100.0,100.0,,X,,,,,,X,,,,,,100.0,1/11/2024,X,,,,,,x,,,,,,100.0,100.0,,X,,,,,,X,,,,,,100.0,,X,,,,,,X,,,,,,100.0,1/11/2024,X,,,,,,x,,,,,,100.0,100.0
58,59.0,9.0,KER,58.0,R,135.0,R,136,1.0,,9.0,District 9 - Bishop Region,District 9 - Bishop Region,Des-3,Beg FY22,,1.0,,50.0,1.0,,,100.0,75.0,FY22/Q1,,,1,0.0,1.0,,,100.0,50.0,FY22/Q2,,1.0,,50.0,1.0,,,100.0,75.0,FY22/Q3,x,,,,,x,,,,,100.0,x,,,,,x,,,,,100.0,100.0,FY22/Q4,x,,,,,x,,,,,100.0,x,,,,,x,,,,,100.0,100.0,FY23/Q1,X,,,,,X,,,,,100.0,,X,,,,X,,,,,75.0,88.0,FY23/Q2,X,,,,,X,,,,,100.0,X,,,,,X,,,,,100.0,100.0,FY23/Q3,X,,,,,X,,,,,100.0,FY23/Q4,X,,,,,X,,,,,100.0,X,,,,,X,,,,,100.0,100.0,,x,,,,,,x,,,,,,100.0,,X,,,,,,X,,,,,,100.0,100.0,,X,,,,,,X,,,,,,100.0,1/11/2024,X,,,,,,x,,,,,,100.0,100.0,,,X,,,,RAMP,X,,,,,,75.0,,X,,,,,,X,,,,,,100.0,1/11/2024,X,,,,,,x,,,,,,100.0,100.0
59,60.0,9.0,KER,58.0,R,136.0,R,137,1.0,,9.0,District 9 - Bishop Region,District 9 - Bishop Region,Des-3,Beg FY22,,,1,0.0,1.0,,,100.0,50.0,FY22/Q1,,,1,0.0,1.0,,,100.0,50.0,FY22/Q2,1.0,,,100.0,1.0,,,100.0,100.0,FY22/Q3,x,,,,,x,,,,,100.0,x,,,,,x,,,,,100.0,100.0,FY22/Q4,x,,,,,x,,,,,100.0,x,,,,,x,,,,,100.0,100.0,FY23/Q1,,X,,,,,X,,,,50.0,,X,,,,,X,,,,50.0,50.0,FY23/Q2,X,,,,,X,,,,,100.0,X,,,,,X,,,,,100.0,100.0,FY23/Q3,X,,,,,X,,,,,100.0,FY23/Q4,X,,,,,X,,,,,100.0,X,,,,,X,,,,,100.0,100.0,,x,,,,,,x,,,,,,100.0,,X,,,,,,X,,,,,,100.0,100.0,,X,,,,,,X,,,,,,100.0,1/11/2024,X,,,,,,x,,,,,,100.0,100.0,,X,,,,,,X,,,,,,100.0,,X,,,,,,X,,,,,,100.0,1/11/2024,X,,,,,,x,,,,,,100.0,100.0
60,61.0,9.0,KER,58.0,R,137.0,R,138,1.0,,9.0,District 9 - Bishop Region,District 9 - Bishop Region,Des-3,Beg FY22,,1.0,,50.0,1.0,,,100.0,75.0,FY22/Q1,,,1,0.0,1.0,,,100.0,50.0,FY22/Q2,,1.0,,50.0,1.0,,,100.0,75.0,FY22/Q3,x,,,,,x,,,,,100.0,x,,,,,x,,,,,100.0,100.0,FY22/Q4,x,,,,,x,,,,,100.0,x,,,,,x,,,,,100.0,100.0,FY23/Q1,X,,,,,,X,,,,75.0,X,,,,,,X,,,,75.0,75.0,FY23/Q2,X,,,,,X,,,,,100.0,X,,,,,X,,,,,100.0,100.0,FY23/Q3,X,,,,,X,,,,,100.0,FY23/Q4,X,,,,,X,,,,,100.0,X,,,,,X,,,,,100.0,100.0,,x,,,,,,x,,,,,,100.0,,X,,,,,,X,,,,,,100.0,100.0,,X,,,,,,X,,,,,,100.0,1/11/2024,X,,,,,,x,,,,,,100.0,100.0,,X,,,,,,X,,,,,,100.0,,X,,,,,,X,,,,,,100.0,1/11/2024,X,,,,,,x,,,,,,100.0,100.0
61,62.0,9.0,KER,58.0,R,138.0,R,139,1.0,,9.0,District 9 - Bishop Region,District 9 - Bishop Region,Des-3,Beg FY22,,1.0,,50.0,,1.0,,50.0,50.0,FY22/Q1,,,1,0.0,,1.0,,50.0,25.0,FY22/Q2,,,1,0.0,1.0,,,100.0,50.0,FY22/Q3,x,,,,,x,,,,,100.0,x,,,,,x,,,,,100.0,100.0,FY22/Q4,x,,,,,x,,,,,100.0,x,,,,,x,,,,,100.0,100.0,FY23/Q1,,X,,,,X,,,,,75.0,,X,,,,X,,,,,75.0,75.0,FY23/Q2,X,,,,,X,,,,,100.0,X,,,,,X,,,,,100.0,100.0,FY23/Q3,X,,,,,X,,,,,100.0,FY23/Q4,X,,,,,X,,,,,100.0,X,,,,,X,,,,,100.0,100.0,,x,,,,,,x,,,,,,100.0,,X,,,,,,X,,,,,,100.0,100.0,,X,,,,,,X,,,,,,100.0,1/11/2024,X,,,,,,x,,,,,,100.0,100.0,,X,,,,,,X,,,,,,100.0,,X,,,,,,X,,,,,,100.0,1/11/2024,X,,,,,,x,,,,,,100.0,100.0
62,63.0,9.0,KER,58.0,R,139.0,R,140,1.0,,9.0,District 9 - Bishop Region,District 9 - Bishop Region,Des-3,Beg FY22,,,1,0.0,,1.0,,50.0,25.0,FY22/Q1,,,1,0.0,,1.0,,50.0,25.0,FY22/Q2,,,1,0.0,1.0,,,100.0,50.0,FY22/Q3,,,x,,,,,x,,,0.0,,,x,,,,,X,,,0.0,0.0,FY22/Q4,x,,,,,x,,,,,100.0,x,,,,,x,,,,,100.0,100.0,FY23/Q1,,X,,,,,X,,,,50.0,,X,,,,,X,,,,50.0,50.0,FY23/Q2,X,,,,,X,,,,,100.0,X,,,,,X,,,,,100.0,100.0,FY23/Q3,X,,,,,X,,,,,100.0,FY23/Q4,X,,,,,X,,,,,100.0,X,,,,,X,,,,,100.0,100.0,,x,,,,,,x,,,,,,100.0,,X,,,,,,X,,,,,,100.0,100.0,,X,,,,,,X,,,,,,100.0,1/11/2024,,X,,,,                    M,x,,,,,,75.0,88.0,,X,,,,,,X,,,,,,100.0,,X,,,,,,X,,,,,,100.0,1/11/2024,,X,,,,                    M,x,,,,,,75.0,88.0
63,64.0,9.0,KER,58.0,R,140.0,R,141,1.0,,9.0,District 9 - Bishop Region,District 9 - Bishop Region,Des-3,Beg FY22,,1.0,,50.0,1.0,,,100.0,75.0,FY22/Q1,,,1,0.0,1.0,,,100.0,50.0,FY22/Q2,,1.0,,50.0,1.0,,,100.0,75.0,FY22/Q3,,x,,,,,x,,,,50.0,,,x,,,,X,,,,25.0,38.0,FY22/Q4,x,,,,,x,,,,,100.0,x,,,,,x,,,,,100.0,100.0,FY23/Q1,X,,,,,X,,,,,100.0,X,,,,,X,,,,,100.0,100.0,FY23/Q2,X,,,,,X,,,,,100.0,X,,,,,X,,,,,100.0,100.0,FY23/Q3,X,,,,,X,,,,,100.0,FY23/Q4,X,,,,,X,,,,,100.0,X,,,,,X,,,,,100.0,100.0,,x,,,,,,x,,,,,,100.0,,X,,,,,,X,,,,,,100.0,100.0,,X,,,,,,X,,,,,,100.0,1/11/2024,,X,,,,                    M,x,,,,,,75.0,88.0,,X,,,,,,X,,,,,,100.0,,X,,,,,,X,,,,,,100.0,1/11/2024,,X,,,,                    M,x,,,,,,75.0,88.0
64,65.0,9.0,KER,58.0,R,141.0,R,142,1.0,,9.0,District 9 - Bishop Region,District 9 - Bishop Region,HiMt-3,Beg FY22,,1.0,,50.0,1.0,,,100.0,75.0,FY22/Q1,,,1,0.0,1.0,,,100.0,50.0,FY22/Q2,,1.0,,50.0,1.0,,,100.0,75.0,FY22/Q3,x,,,,,x,,,,,100.0,x,,,,,x,,,,,100.0,100.0,FY22/Q4,x,,,,,x,,,,,100.0,x,,,,,x,,,,,100.0,100.0,FY23/Q1,,X,,,,X,,,,,75.0,,X,,,,,X,,,,50.0,63.0,FY23/Q2,X,,,,,X,,,,,100.0,X,,,,,X,,,,,100.0,100.0,FY23/Q3,X,,,,,X,,,,,100.0,FY23/Q4,X,,,,,X,,,,,100.0,X,,,,,X,,,,,100.0,100.0,,x,,,,,,x,,,,,,100.0,,X,,,,,,X,,,,,,100.0,100.0,,X,,,,,,X,,,,,,100.0,1/11/2024,X,,,,,,x,,,,,,100.0,100.0,,X,,,,,,X,,,,,,100.0,,X,,,,,,X,,,,,,100.0,1/11/2024,X,,,,,,x,,,,,,100.0,100.0
66,66.0,9.0,KER,202.0,R,2.0,R,,1.0,,9.0,District 9 - Bishop Region,District 9 - Bishop Region,HiMt-3,Beg FY22,,,1,0.0,1.0,,,100.0,50.0,FY22/Q1,1.0,,,100.0,,1.0,,100.0,100.0,FY22/Q2,1.0,,,100.0,,1.0,,50.0,75.0,FY22/Q3,x,,,,,x,,,,,100.0,x,,,,,x,,,,,100.0,100.0,FY22/Q4,x,,,,,x,,,,,100.0,x,,,,,x,,,,,100.0,100.0,FY23/Q1,X,,,,,X,,,,,100.0,X,,,,,,X,,,,75.0,88.0,FY23/Q2,X,,,,,X,,,,,100.0,X,,,,,X,,,,,100.0,100.0,FY23/Q3,X,,,,,X,,,,,100.0,FY23/Q4,X,,,,,X,,,,,100.0,X,,,,,X,,,,,100.0,100.0,,x,,,,,,x,,,,,,100.0,10/5/2023,X,,,,,,X,,,,,,100.0,100.0,1/8-10/24,X,,,,,,X,,,,,,100.0,1/11/2024,x,,,,,,x,,,,,,100.0,100.0,4/10/2024,X,,,,,,X,,,,,,100.0,,X,,,,,,X,,,,,,100.0,1/11/2024,x,,,,,,x,,,,,,100.0,100.0
67,67.0,9.0,KER,202.0,R,3.0,R,4,1.0,,9.0,District 9 - Bishop Region,District 9 - Bishop Region,HiMt-3,Beg FY22,,,1,0.0,,1.0,,50.0,25.0,FY22/Q1,,,1,0.0,,1.0,,50.0,25.0,FY22/Q2,,1.0,,50.0,,1.0,,50.0,50.0,FY22/Q3,x,,,,,x,,,,,100.0,x,,,,,x,,,,,100.0,100.0,FY22/Q4,x,,,,,x,,,,,100.0,x,,,,,x,,,,,100.0,100.0,FY23/Q1,X,,,,,X,,,,,100.0,X,,,,,,X,,,,75.0,88.0,FY23/Q2,X,,,,,X,,,,,100.0,X,,,,,X,,,,,100.0,100.0,FY23/Q3,X,,,,,X,,,,,100.0,FY23/Q4,X,,,,,X,,,,,100.0,X,,,,,X,,,,,100.0,100.0,,x,,,,,,x,,,,,,100.0,,X,,,,,,X,,,,,,100.0,100.0,,X,,,,,,X,,,,,,100.0,1/11/2024,x,,,,,,x,,,,,,100.0,100.0,,X,,,,,,X,,,,,,100.0,,X,,,,,,X,,,,,,100.0,1/11/2024,x,,,,,,x,,,,,,100.0,100.0
68,68.0,9.0,KER,202.0,R,4.0,R,5,1.0,,9.0,District 9 - Bishop Region,District 9 - Bishop Region,HiMt-3,Beg FY22,,,1,0.0,,1.0,,50.0,25.0,FY22/Q1,1.0,,,100.0,,1.0,,50.0,75.0,FY22/Q2,,,1,0.0,,1.0,,50.0,25.0,FY22/Q3,x,,,,,x,,,,,100.0,x,,,,,x,,,,,100.0,100.0,FY22/Q4,x,,,,,x,,,,,100.0,x,,,,,x,,,,,100.0,100.0,FY23/Q1,X,,,,,X,,,,,100.0,X,,,,,,X,,,,75.0,88.0,FY23/Q2,,,,X,,,,,X,,,,,,X,,,,,X,,,,FY23/Q3,,X,,,,X,,,,,75.0,FY23/Q4,X,,,,,X,,,,,100.0,X,,,,,X,,,,,100.0,100.0,,x,,,,,,x,,,,,,100.0,,X,,,,,,X,,,,,,100.0,100.0,,X,,,,,,X,,,,,,100.0,1/11/2024,x,,,,,,x,,,,,,100.0,100.0,,X,,,,,,X,,,,,,100.0,,,X,,,,S 4.5 Area,X,,,,,,75.0,1/11/2024,x,,,,,,x,,,,,,100.0,88.0
69,69.0,9.0,KER,202.0,R,5.0,R,6,1.0,,9.0,District 9 - Bishop Region,District 9 - Bishop Region,HiMt-3,Beg FY22,,1.0,,50.0,1.0,,,100.0,75.0,FY22/Q1,1.0,,,100.0,,1.0,,100.0,100.0,FY22/Q2,,1.0,,50.0,,1.0,,50.0,50.0,FY22/Q3,x,,,,,x,,,,,100.0,x,,,,,x,,,,,100.0,100.0,FY22/Q4,x,,,,,x,,,,,100.0,x,,,,,x,,,,,100.0,100.0,FY23/Q1,X,,,,,X,,,,,100.0,X,,,,,,X,,,,75.0,88.0,FY23/Q2,X,,,,,X,,,,,100.0,X,,,,,X,,,,,100.0,100.0,FY23/Q3,X,,,,,X,,,,,100.0,FY23/Q4,X,,,,,X,,,,,100.0,X,,,,,X,,,,,100.0,100.0,,x,,,,,,x,,,,,,100.0,,X,,,,,,X,,,,,,100.0,100.0,,X,,,,,,X,,,,,,100.0,1/11/2024,x,,,,,,x,,,,,,100.0,100.0,,X,,,,,,X,,,,,,100.0,,X,,,,,,,X,,,,S 5.5-5.6,75.0,1/11/2024,x,,,,,,x,,,,,,100.0,88.0
70,70.0,9.0,KER,202.0,R,6.0,R,7,,,,District 9 - Bishop Region,District 9 - Bishop Region,HiMt-3,Beg FY22,,1.0,,50.0,1.0,,,100.0,75.0,FY22/Q1,1.0,,,100.0,,1.0,,100.0,100.0,FY22/Q2,1.0,,,100.0,,1.0,,50.0,75.0,FY22/Q3,x,,,,,x,,,,,100.0,x,,,,,x,,,,,100.0,100.0,FY22/Q4,x,,,,,x,,,,,100.0,x,,,,,x,,,,,100.0,100.0,FY23/Q1,X,,,,,X,,,,,100.0,X,,,,,,X,,,,75.0,88.0,FY23/Q2,X,,,,,X,,,,,100.0,X,,,,,X,,,,,100.0,100.0,FY23/Q3,X,,,,,X,,,,,100.0,FY23/Q4,X,,,,,X,,,,,100.0,X,,,,,X,,,,,100.0,100.0,,x,,,,,Adopt hwy pickup,x,,,,,Adopt hwy pickup,100.0,,X,,,,,,X,,,,,,100.0,100.0,,X,,,,,,X,,,,,,100.0,1/11/2024,x,,,,,,x,,,,,,100.0,100.0,,X,,,,,,X,,,,,,100.0,,X,,,,,,X,,,,,,100.0,1/11/2024,x,,,,,,x,,,,,,100.0,100.0
71,71.0,9.0,KER,202.0,R,7.0,R,8,1.0,,9.0,District 9 - Bishop Region,District 9 - Bishop Region,HiMt-3,Beg FY22,,1.0,,50.0,1.0,,,100.0,75.0,FY22/Q1,,1.0,,50.0,,1.0,,100.0,75.0,FY22/Q2,,1.0,,50.0,,1.0,,50.0,50.0,FY22/Q3,x,,,,,x,,,,,100.0,x,,,,,x,,,,,100.0,100.0,FY22/Q4,x,,,,,x,,,,,100.0,x,,,,,x,,,,,100.0,100.0,FY23/Q1,X,,,,,X,,,,,100.0,X,,,,,,X,,,,75.0,88.0,FY23/Q2,X,,,,,X,,,,,100.0,X,,,,,X,,,,,100.0,100.0,FY23/Q3,X,,,,,,X,,,,75.0,FY23/Q4,X,,,,,X,,,,,100.0,X,,,,,X,,,,,100.0,100.0,,x,,,,,Adopt hwy pickup,x,,,,,Adopt hwy pickup,100.0,,X,,,,,,x,,,,,,100.0,100.0,,X,,,,,,X,,,,,,100.0,1/11/2024,x,,,,,,x,,,,,,100.0,100.0,,X,,,,,,X,,,,,,100.0,,X,,,,,,X,,,,,,100.0,1/11/2024,x,,,,,,x,,,,,,100.0,100.0
72,72.0,9.0,KER,202.0,R,8.0,R,9,1.0,,9.0,District 9 - Bishop Region,District 9 - Bishop Region,HiMt-3,Beg FY22,,1.0,,50.0,1.0,,,100.0,75.0,FY22/Q1,,,1,0.0,,1.0,,100.0,50.0,FY22/Q2,1.0,,,100.0,1.0,,,100.0,100.0,FY22/Q3,x,,,,,x,,,,,100.0,x,,,,,x,,,,,100.0,100.0,FY22/Q4,x,,,,,x,,,,,100.0,x,,,,,x,,,,,100.0,100.0,FY23/Q1,X,,,,,X,,,,,100.0,X,,,,,,X,,,,75.0,88.0,FY23/Q2,X,,,,,X,,,,,100.0,X,,,,,X,,,,,100.0,100.0,FY23/Q3,X,,,,,X,,,,,100.0,FY23/Q4,X,,,,,X,,,,,100.0,X,,,,,X,,,,,100.0,100.0,,x,,,,,Adopt hwy pickup,x,,,,,Adopt hwy pickup,100.0,,X,,,,,,X,,,,,,100.0,100.0,,X,,,,,,X,,,,,,100.0,1/11/2024,x,,,,,,x,,,,,,100.0,100.0,,X,,,,,,X,,,,,,100.0,,X,,,,,,X,,,,,,100.0,1/11/2024,x,,,,,,x,,,,,,100.0,100.0
