ID,DIST,CO,RTE,PF1,BEGPM,Prefi1,ENDPM,Length,HG,MAINT_DIST,MAINT_RGN,DIST_RGN,BUDGETZONE,FY/Q,Pass,Need 1,Need 2,District LOS Score,Pass,Need 1,Need 2,RA LOS Score,Average LOS score,FY/Q,Pass,Need 1,Need 2,District LOS Score,Pass,Need 1,Need 2,RA LOS Score,Average LOS score,FY/Q,Pass,Need 1,Need 2,District LOS Score,Pass,Need 1,Need 2,RA LOS Score,Average LOS score,FY/Q,"NB/EB
Pass","NB/EB
Need 1","NB/EB
Need 2","NB/EB
Construction","NB/EB
Encampments","SB/WB 
Pass","SB/WB
Need 1","SB/WB
Need 2","SB/WB
Construction","SB/WB
Encampments",District LOS Score,"NB/EB
Pass","NB/EB
Need 1","NB/EB
Need 2","NB/EB
Construction","NB/EB
Encampments","SB/WB 
Pass","SB/WB
Need 1","SB/WB
Need 2","SB/WB
Construction","SB/WB
Encampments",RA LOS Score,Average LOS score,FY/Q,"NB/EB
Pass","NB/EB
Need 1","NB/EB
Need 2","NB/EB
Construction","NB/EB
Encampments","SB/WB 
Pass","SB/WB
Need 1","SB/WB
Need 2","SB/WB
Construction","SB/WB
Encampments",District LOS Score,"NB/EB
Pass","NB/EB
Need 1","NB/EB
Need 2","NB/EB
Construction","NB/EB
Encampments","SB/WB 
Pass","SB/WB
Need 1","SB/WB
Need 2","SB/WB
Construction","SB/WB
Encampments",RA LOS Score,Average LOS score,FY/Q,"NB/EB
Pass","NB/EB
Need 1","NB/EB
Need 2","NB/EB
Construction","NB/EB
Encampments","SB/WB 
Pass","SB/WB
Need 1","SB/WB
Need 2","SB/WB
Construction","SB/WB
Encampments",District LOS Score,"NB/EB
Pass","NB/EB
Need 1","NB/EB
Need 2","NB/EB
Construction","NB/EB
Encampments","SB/WB 
Pass","SB/WB
Need 1","SB/WB
Need 2","SB/WB
Construction","SB/WB
Encampments",RA LOS Score,Average LOS score,FY/Q,"NB/EB
Pass","NB/EB
Need 1","NB/EB
Need 2","NB/EB
Construction","NB/EB
Encampments","SB/WB 
Pass","SB/WB
Need 1","SB/WB
Need 2","SB/WB
Construction","SB/WB
Encampments",District LOS Score,"NB/EB
Pass","NB/EB
Need 1","NB/EB
Need 2","NB/EB
Construction","NB/EB
Encampments","SB/WB 
Pass","SB/WB
Need 1","SB/WB
Need 2","SB/WB
Construction","SB/WB
Encampments",RA LOS Score,Average LOS score,FY/Q,"NB/EB
Pass","NB/EB
Need 1","NB/EB
Need 2","NB/EB
Construction","NB/EB
Encampments","SB/WB 
Pass","SB/WB
Need 1","SB/WB
Need 2","SB/WB
Construction","SB/WB
Encampments",Average LOS score,FY/Q,"NB/EB
Pass","NB/EB
Need 1","NB/EB
Need 2","NB/EB
Construction","NB/EB
Encampments","SB/WB 
Pass","SB/WB
Need 1","SB/WB
Need 2","SB/WB
Construction","SB/WB
Encampments",District LOS Score,"NB/EB
Pass","NB/EB
Need 1","NB/EB
Need 2","NB/EB
Construction","NB/EB
Encampments","SB/WB 
Pass","SB/WB
Need 1","SB/WB
Need 2","SB/WB
Construction","SB/WB
Encampments",RA LOS Score,Average LOS score,Q1 FY2024-Date Evaluated ,"NB/EB
Pass","NB/EB
Need 1","NB/EB
Need 2","NB/EB
Construction","NB/EB
Encampments","NB/EB
Comments","SB/WB 
Pass","SB/WB
Need 1","SB/WB
Need 2","SB/WB
Construction","SB/WB
Encampments","SB/WB
Comments", LOS Score,Q1 FY2024-Date Evaluated ,"NB/EB
Pass","NB/EB
Need 1","NB/EB
Need 2","NB/EB
Construction","NB/EB
Encampments","NB/EB
Comments","SB/WB 
Pass","SB/WB
Need 1","SB/WB
Need 2","SB/WB
Construction","SB/WB
Encampments","SB/WB
Comments", LOS Score,Average LOS score,Date Evaluated,"NB/EB
Pass","NB/EB
Need 1","NB/EB
Need 2","NB/EB
Construction","NB/EB
Encampments","NB/EB
Comments","SB/WB 
Pass","SB/WB
Need 1","SB/WB
Need 2","SB/WB
Construction","SB/WB
Encampments","SB/WB
Comments", LOS Score,Date Evaluated,"NB/EB
Pass","NB/EB
Need 1","NB/EB
Need 2","NB/EB
Construction","NB/EB
Encampments","NB/EB
Comments","SB/WB 
Pass","SB/WB
Need 1","SB/WB
Need 2","SB/WB
Construction","SB/WB
Encampments","SB/WB
Comments", LOS Score,Average LOS score,FY24Q3 Date Evaluated,"NB/EB
Pass","NB/EB
Need 1","NB/EB
Need 2","NB/EB
Construction","NB/EB
Encampments","NB/EB
Comments","SB/WB 
Pass","SB/WB
Need 1","SB/WB
Need 2","SB/WB
Construction","SB/WB
Encampments","SB/WB
Comments", LOS Score,FY24Q4 Date Evaluated,"NB/EB
Pass","NB/EB
Need 1","NB/EB
Need 2","NB/EB
Construction","NB/EB
Encampments","NB/EB
Comments","SB/WB 
Pass","SB/WB
Need 1","SB/WB
Need 2","SB/WB
Construction","SB/WB
Encampments","SB/WB
Comments", LOS Score,FY24Q4 Date Evaluated,"NB/EB
Pass","NB/EB
Need 1","NB/EB
Need 2","NB/EB
Construction","NB/EB
Encampments","NB/EB
Comments","SB/WB 
Pass","SB/WB
Need 1","SB/WB
Need 2","SB/WB
Construction","SB/WB
Encampments","SB/WB
Comments", LOS Score,Average LOS score
1,9,KER,58,,77,,78,1,,9,District 6 - South Region,District 6 - South Region,HiMt-3,Beg FY22,,1,,50,,1,,50,50,FY22/Q1,,,1,0,,1,,50,25,FY22/Q2,,1,,50,1,,,100,75,FY22/Q3,x,,,,,x,,,,,100,x,,,,,x,,,,,100,100,FY22/Q4,x,,,,,x,,,,,100,x,,,,,x,,,,,100,100,FY23/Q1,,,X,,,X,,,,,50,,,X,,,X,,,,,50,50,FY23/Q2,X,,,,,X,,,,,100,X,,,,,X,,,,,100,100,FY23/Q3,X,,,,,X,,,,,100,FY23/Q4,X,,,,,X,,,,,100,X,,,,,X,,,,,100,100,,x,,,,,,x,,,,,,100,10/5/2023,X,,,,,,,X,,,,M,75,88,1/8-10/24,X,,,,,,X,,,,,,100,1/11/2024,x,,,,,,x,,,,,,100,100,4/10/2024,X,,,,,,X,,,,,,100,,X,,,,,,X,,,,,,100,1/11/2024,x,,,,,,x,,,,,,100,100
2,9,KER,58,,78,,79,1,,9,District 6 - South Region,District 6 - South Region,HiMt-3,Beg FY22,,1,,50,,1,,50,50,FY22/Q1,,1,,50,,1,,50,50,FY22/Q2,,1,,50,1,,,100,75,FY22/Q3,x,,,,,x,,,,,100,,,,,,,,,,,,100,FY22/Q4,x,,,,,x,,,,,100,x,,,,,x,,,,,100,100,FY23/Q1,,X,,,,X,,,,,75,,X,,,,X,,,,,75,75,FY23/Q2,X,,,,,X,,,,,100,X,,,,,X,,,,,100,100,FY23/Q3,X,,,,,X,,,,,100,FY23/Q4,X,,,,,X,,,,,100,X,,,,,X,,,,,100,100,,x,,,,,,x,,,,,,100,,,X,,,,M,X,,,,,,75,88,,X,,,,,,X,,,,,,100,1/11/2024,x,,,,,,x,,,,,,100,100,,X,,,,,,X,,,,,,100,,X,,,,,,X,,,,,,100,1/11/2024,x,,,,,,x,,,,,,100,100
3,9,KER,58,,79,,80,1,,9,District 6 - South Region,District 6 - South Region,HiMt-3,Beg FY22,,,1,0,,,1,0,0,FY22/Q1,,1,,50,,1,,50,50,FY22/Q2,,,1,0,1,,,100,50,FY22/Q3,x,,,,,x,,,,,100,x,,,,,x,,,,,100,100,FY22/Q4,,x,,,,x,,,,,75,,x,,,,x,,,,,75,75,FY23/Q1,X,,,,,X,,,,,100,X,,,,,X,,,,,100,100,FY23/Q2,X,,,,,X,,,,,100,X,,,,,X,,,,,100,100,FY23/Q3,X,,,,,X,,,,,100,FY23/Q4,X,,,,,X,,,,,100,X,,,,,X,,,,,100,100,,x,,,,,,x,,,,,,100,,X,,,,,,,X,,,,MR,75,88,,X,,,,,,X,,,,,,100,1/11/2024,,x,,,,                     R,x,,,,,,75,88,,,X,,,,MR,X,,,,,,75,,X,,,,,,X,,,,,,100,1/11/2024,,x,,,,                     R,x,,,,,,75,88
4,9,KER,58,,80,,81,1,,9,District 6 - South Region,District 6 - South Region,HiMt-3,Beg FY22,,,1,0,,,1,0,0,FY22/Q1,,1,,50,,1,,50,50,FY22/Q2,,,1,0,1,,,100,50,FY22/Q3,x,,,,,x,,,,,100,x,,,,,x,,,,,100,100,FY22/Q4,,x,,,,x,,,,,75,x,,,,,x,,,,,100,88,FY23/Q1,X,,,,,X,,,,,100,X,,,,,X,,,,,100,100,FY23/Q2,X,,,,,X,,,,,100,X,,,,,X,,,,,100,100,FY23/Q3,,X,,,,X,,,,,75,FY23/Q4,X,,,,,X,,,,,100,X,,,,,X,,,,,100,100,,x,,,,,,x,,,,,,100,,X,,,,,,,X,,,,MR,75,88,,,X,,,,R,X,,,,,,75,1/11/2024,,x,,,,                     M,x,,,,,,75,75,,X,,,,,,X,,,,,,100,,X,,,,,,X,,,,,,100,1/11/2024,,x,,,,                     M,x,,,,,,75,88
5,9,KER,58,,81,,82,1,,9,District 6 - South Region,District 6 - South Region,HiMt-3,Beg FY22,,,1,0,,,1,0,0,FY22/Q1,,,1,0,,1,,50,25,FY22/Q2,,,1,0,1,,,100,50,FY22/Q3,x,,,,,x,,,,,100,x,,,,,x,,,,,100,100,FY22/Q4,x,,,,,x,,,,,100,x,,,,,x,,,,,100,100,FY23/Q1,X,,,,,X,,,,,100,X,,,,,X,,,,,100,100,FY23/Q2,X,,,,,X,,,,,100,X,,,,,X,,,,,100,100,FY23/Q3,X,,,,,X,,,,,100,FY23/Q4,X,,,,,X,,,,,100,X,,,,,X,,,,,100,100,,x,,,,,,x,,,,,,100,,X,,,,,,,X,,,,MR,75,88,,X,,,,,,X,,,,,,100,1/11/2024,x,,,,,,x,,,,,,100,100,,X,,,,,,X,,,,,,100,,X,,,,,,X,,,,,,100,1/11/2024,x,,,,,,x,,,,,,100,100
6,9,KER,58,,82,,83,,,,,,,Beg FY22,,,1,0,,,1,0,0,FY22/Q1,,1,,50,,1,,0,25,FY22/Q2,,,1,0,1,,,100,50,FY22/Q3,x,,,,,x,,,,,100,x,,,,,x,,,,,100,100,FY22/Q4,x,,,,,x,,,,,100,x,,,,,x,,,,,100,100,FY23/Q1,,X,,,,X,,,,,75,,X,,,,X,,,,,75,75,FY23/Q2,X,,,,,X,,,,,100,X,,,,,X,,,,,100,100,FY23/Q3,,X,,,,X,,,,,75,FY23/Q4,X,,,,,X,,,,,100,X,,,,,X,,,,,100,100,,x,,,,,,x,,,,,,100,,X,,,,,,,X,,,,M,75,88,,,X,,,,R,X,,,,,,75,1/11/2024,x,,,,,,x,,,,,,100,88,,X,,,,,,X,,,,,,100,,X,,,,,,X,,,,,,100,1/11/2024,x,,,,,,x,,,,,,100,100
7,9,KER,58,R,83,R,84,1,,9,District 9 - Bishop Region,District 9 - Bishop Region,HiMt-3,Beg FY22,,,1,0,,1,,50,25,FY22/Q1,,,1,0,,1,,50,25,FY22/Q2,,,1,0,1,,,100,50,FY22/Q3,x,,,,,x,,,,,100,x,,,,,x,,,,,100,100,FY22/Q4,x,,,,,x,,,,,100,x,,,,,x,,,,,100,100,FY23/Q1,X,,,,,X,,,,,100,X,,,,,X,,,,,100,100,FY23/Q2,X,,,,,X,,,,,100,X,,,,,X,,,,,100,100,FY23/Q3,X,,,,,X,,,,,100,FY23/Q4,X,,,,,X,,,,,100,X,,,,,X,,,,,100,100,,x,,,,,,x,,,,,,100,,X,,,,,,,,X,,,M,50,75,,X,,,,,,X,,,,,,100,1/11/2024,x,,,,,,x,,,,,,100,100,,X,,,,,,X,,,,,,100,,X,,,,,,X,,,,,,100,1/11/2024,x,,,,,,x,,,,,,100,100
8,9,KER,58,R,84,R,85,1,,9,District 9 - Bishop Region,District 9 - Bishop Region,HiMt-3,Beg FY22,,1,,50,,1,,50,50,FY22/Q1,1,,,100,,1,,50,75,FY22/Q2,,,1,0,1,,,100,50,FY22/Q3,x,,,,,x,,,,,100,x,,,,,x,,,,,100,100,FY22/Q4,x,,,,,x,,,,,100,x,,,,,x,,,,,100,100,FY23/Q1,X,,,,,X,,,,,100,X,,,,,X,,,,,100,100,FY23/Q2,X,,,,,X,,,,,100,X,,,,,X,,,,,100,100,FY23/Q3,X,,,,,X,,,,,100,FY23/Q4,X,,,,,X,,,,,100,X,,,,,X,,,,,100,100,,x,,,,,,x,,,,,,100,,X,,,,,,,X,,,,MR,75,88,,X,,,,,,X,,,,,,100,1/11/2024,x,,,,,,x,,,,,,100,100,,X,,,,,,X,,,,,,100,,X,,,,,,X,,,,,,100,1/11/2024,x,,,,,,x,,,,,,100,100
9,9,KER,58,R,85,R,86,1,,9,District 9 - Bishop Region,District 9 - Bishop Region,HiMt-3,Beg FY22,,1,,50,,1,,50,50,FY22/Q1,,1,,50,,1,,50,50,FY22/Q2,,,1,0,,1,,50,25,FY22/Q3,x,,,,,x,,,,,100,x,,,,,x,,,,,100,100,FY22/Q4,x,,,,,x,,,,,100,x,,,,,x,,,,,100,100,FY23/Q1,X,,,,,X,,,,,100,X,,,,,X,,,,,100,100,FY23/Q2,X,,,,,X,,,,,100,X,,,,,X,,,,,100,100,FY23/Q3,X,,,,,X,,,,,100,FY23/Q4,X,,,,,X,,,,,100,X,,,,,X,,,,,100,100,,x,,,,,,x,,,,,,100,,X,,,,,,X,,,,,,100,100,,X,,,,,,X,,,,,,100,1/11/2024,X,,,,,,x,,,,,,100,100,,X,,,,,,X,,,,,,100,,X,,,,,,X,,,,,,100,1/11/2024,X,,,,,,x,,,,,,100,100
10,9,KER,58,R,86,R,87,1,,9,District 9 - Bishop Region,District 9 - Bishop Region,HiMt-3,Beg FY22,1,,,100,,1,,50,75,FY22/Q1,,1,,50,,1,,50,50,FY22/Q2,,,1,0,,1,,50,25,FY22/Q3,x,,,,,x,,,,,100,x,,,,,x,,,,,100,100,FY22/Q4,x,,,,,x,,,,,100,x,,,,,x,,,,,100,100,FY23/Q1,X,,,,,X,,,,,100,X,,,,,X,,,,,100,100,FY23/Q2,X,,,,,X,,,,,100,X,,,,,X,,,,,100,100,FY23/Q3,X,,,,,X,,,,,100,FY23/Q4,X,,,,,X,,,,,100,X,,,,,X,,,,,100,100,,x,,,,,,,x,,,,RS,75,,X,,,,,,,X,,,,MR,75,75,,X,,,,,,X,,,,,,100,1/11/2024,X,,,,,,x,,,,,,100,100,,X,,,,,,X,,,,,,100,,X,,,,,,X,,,,,,100,1/11/2024,X,,,,,,x,,,,,,100,100
11,9,KER,58,R,87,R,88,1,,9,District 9 - Bishop Region,District 9 - Bishop Region,HiMt-3,Beg FY22,1,,,100,1,,,100,100,FY22/Q1,,1,,50,1,,,100,75,FY22/Q2,,,1,0,,1,,50,25,FY22/Q3,x,,,,,x,,,,,100,x,,,,,x,,,,,100,100,FY22/Q4,x,,,,,x,,,,,100,x,,,,,x,,,,,100,100,FY23/Q1,X,,,,,X,,,,,100,X,,,,,X,,,,,100,100,FY23/Q2,X,,,,,X,,,,,100,X,,,,,X,,,,,100,100,FY23/Q3,X,,,,,X,,,,,100,FY23/Q4,X,,,,,X,,,,,100,X,,,,,X,,,,,100,100,,x,,,,,,x,,,,,,100,,X,,,,,,X,,,,,,100,100,,X,,,,,,X,,,,,,100,1/11/2024,X,,,,,,x,,,,,,100,100,,X,,,,,,X,,,,,,100,,X,,,,,,X,,,,,,100,1/11/2024,X,,,,,,x,,,,,,100,100
12,9,KER,58,R,88,R,89,1,,9,District 9 - Bishop Region,District 9 - Bishop Region,HiMt-3,Beg FY22,,1,,50,1,,,100,75,FY22/Q1,,,1,0,,1,,50,25,FY22/Q2,,,1,0,,1,,50,25,FY22/Q3,x,,,,,x,,,,,100,x,,,,,x,,,,,100,100,FY22/Q4,x,,,,,x,,,,,100,x,,,,,x,,,,,100,100,FY23/Q1,X,,,,,X,,,,,100,X,,,,,X,,,,,100,100,FY23/Q2,X,,,,,X,,,,,100,X,,,,,X,,,,,100,100,FY23/Q3,X,,,,,X,,,,,100,FY23/Q4,,XR,,,,X,,,,,75,,X,,,,X,,,,,75,75,,x,,,,,,x,,,,,,100,,,X,,,,,X,,,,,,75,88,,X,,,,,,X,,,,,,100,1/11/2024,X,,,,,,x,,,,,,100,100,,X,,,,,,X,,,,,,100,,,X,,,,S,X,,,,,,75,1/11/2024,X,,,,,,x,,,,,,100,88
13,9,KER,58,R,89,R,90,1,,9,District 9 - Bishop Region,District 9 - Bishop Region,HiMt-3,Beg FY22,,1,,50,,1,,50,50,FY22/Q1,,,1,0,,1,,50,25,FY22/Q2,,,1,0,,1,,50,25,FY22/Q3,x,,,,,x,,,,,100,x,,,,,x,,,,,100,100,FY22/Q4,x,,,,,x,,,,,100,x,,,,,x,,,,,100,100,FY23/Q1,X,,,,,X,,,,,100,X,,,,,X,,,,,100,100,FY23/Q2,X,,,,,X,,,,,100,X,,,,,X,,,,,100,100,FY23/Q3,X,,,,,X,,,,,100,FY23/Q4,X,,,,,X,,,,,100,X,,,,,X,,,,,100,100,,x,,,,,,x,,,,,,100,,X,,,,,,X,,,,,,100,100,,X,,,,,,X,,,,,,100,1/11/2024,X,,,,,,x,,,,,,100,100,,X,,,,,,X,,,,,,100,,X,,,,,,X,,,,,,100,1/11/2024,X,,,,,,x,,,,,,100,100
14,9,KER,58,R,90,R,91,1,,9,District 9 - Bishop Region,District 9 - Bishop Region,HiMt-3,Beg FY22,,1,,50,,1,,50,50,FY22/Q1,,,1,0,,1,,50,25,FY22/Q2,,,1,0,,1,,50,25,FY22/Q3,x,,,,,x,,,,,100,x,,,,,x,,,,,100,100,FY22/Q4,x,,,,,,x,,,,75,x,,,,,,x,,,,75,75,FY23/Q1,,X,,,,,X,,,,50,,X,,,,X,,,,,75,63,FY23/Q2,X,,,,,X,,,,,100,X,,,,,X,,,,,100,100,FY23/Q3,X,,,,,X,,,,,100,FY23/Q4,X,,,,,X,,,,,100,X,,,,,X,,,,,100,100,,x,,,,,,x,,,,,,100,,X,,,,,,X,,,,,,100,100,,X,,,,,,,X,,,,R,75,1/11/2024,X,,,,,,x,,,,,,100,88,,X,,,,,,X,,,,,,100,,X,,,,,,X,,,,,,100,1/11/2024,X,,,,,,x,,,,,,100,100
15,9,KER,58,R,91,R,92,1,,9,District 9 - Bishop Region,District 9 - Bishop Region,HiMt-3,Beg FY22,,,1,0,,1,,50,25,FY22/Q1,,,1,0,,1,,50,25,FY22/Q2,,,1,0,1,,,100,50,FY22/Q3,x,,,,,x,,,,,100,x,,,,,x,,,,,100,100,FY22/Q4,x,,,,,x,,,,,100,x,,,,,x,,,,,100,100,FY23/Q1,,X,,,,X,,,,,75,,X,,,,X,,,,,75,75,FY23/Q2,X,,,,,X,,,,,100,X,,,,,X,,,,,100,100,FY23/Q3,X,,,,,,X,,,,75,FY23/Q4,X,,,,,X,,,,,100,X,,,,,X,,,,,100,100,,x,,,,,,x,,,,,,100,,,X,,,,R,X,,,,,,75,88,,X,,,,,,X,,,,,,100,1/11/2024,X,,,,,,x,,,,,,100,100,,X,,,,,,X,,,,,,100,,X,,,,,,X,,,,,,100,1/11/2024,X,,,,,,x,,,,,,100,100
16,9,KER,58,R,92,R,93,1,,9,District 9 - Bishop Region,District 9 - Bishop Region,HiMt-3,Beg FY22,,,1,0,,1,,50,25,FY22/Q1,,1,1,25,,1,,50,38,FY22/Q2,,,1,0,1,,,100,50,FY22/Q3,x,,,,,x,,,,,100,x,,,,,x,,,,,100,100,FY22/Q4,x,,,,,x,,,,,100,x,,,,,x,,,,,100,100,FY23/Q1,,X,,,,X,,,,,75,,X,,,,X,,,,,75,75,FY23/Q2,X,,,,,X,,,,,100,X,,,,,X,,,,,100,100,FY23/Q3,X,,,,,X,,,,,100,FY23/Q4,X,,,,,X,,,,,100,X,,,,,X,,,,,100,100,,x,,,,,,x,,,,,,100,,X,,,,,,X,,,,,,100,100,,X,,,,,,X,,,,,,100,1/11/2024,X,,,,,,x,,,,,,100,100,,,X,,,,RS,X,,,,,,75,,X,,,,,,X,,,,,,100,1/11/2024,X,,,,,,x,,,,,,100,100
17,9,KER,58,R,93,R,94,1,,9,District 9 - Bishop Region,District 9 - Bishop Region,HiMt-3,Beg FY22,,1,,50,,1,,50,50,FY22/Q1,,1,,50,,1,,50,50,FY22/Q2,,,1,0,1,,,100,50,FY22/Q3,x,,,,,x,,,,,100,x,,,,,x,,,,,100,100,FY22/Q4,x,,,,,x,,,,,100,x,,,,,x,,,,,100,100,FY23/Q1,X,,,,,X,,,,,100,X,,,,,X,,,,,100,100,FY23/Q2,X,,,,,X,,,,,100,X,,,,,X,,,,,100,100,FY23/Q3,X,,,,,X,,,,,100,FY23/Q4,,XM,,,,X,,,,,75,,X,,,,X,,,,,75,75,,x,,,,,,x,,,,,,100,,,X,,,,M,,X,,,,M,50,75,,X,,,,,,X,,,,,,100,1/11/2024,X,,,,,,x,,,,,,100,100,,,,X,,,RS,X,,,,,,50,,X,,,,,,X,,,,,,100,1/11/2024,X,,,,,,x,,,,,,100,100
18,9,KER,58,R,94,R,95,1,,9,District 9 - Bishop Region,District 9 - Bishop Region,HiMt-3,Beg FY22,,,1,0,,1,,50,25,FY22/Q1,,1,,50,,1,,50,50,FY22/Q2,,,1,0,,1,,50,25,FY22/Q3,x,,,,,x,,,,,100,x,,,,,x,,,,,100,100,FY22/Q4,x,,,,,x,,,,,100,x,,,,,x,,,,,100,100,FY23/Q1,X,,,,,X,,,,,100,X,,,,,X,,,,,100,100,FY23/Q2,X,,,,,X,,,,,100,X,,,,,X,,,,,100,100,FY23/Q3,X,,,,,X,,,,,100,FY23/Q4,X,,,,,X,,,,,100,X,,,,,X,,,,,100,100,,x,,,,,,x,,,,,,100,,,X,,,,R,,,X,,,M,25,63,,X,,,,,,X,,,,,,100,1/11/2024,X,,,,,,x,,,,,,100,100,,,X,,,,RS,X,,,,,,75,,X,,,,,,X,,,,,,100,1/11/2024,X,,,,,,x,,,,,,100,100
19,9,KER,58,R,95,R,96,1,,9,District 9 - Bishop Region,District 9 - Bishop Region,HiMt-3,Beg FY22,,,1,0,1,,,100,50,FY22/Q1,,1,,50,,1,,50,50,FY22/Q2,,1,,50,1,,,100,75,FY22/Q3,,x,,,,,x,,,,50,,x,,,,x,,,,,75,63,FY22/Q4,x,,,,,x,,,,,100,x,,,,,x,,,,,100,100,FY23/Q1,X,,,,,X,,,,,100,X,,,,,X,,,,,100,100,FY23/Q2,,X,,,,X,,,,,75,X,,,,,X,,,,,100,88,FY23/Q3,X,,,,,X,,,,,100,FY23/Q4,X,,,,,X,,,,,100,X,,,,,X,,,,,100,100,,x,,,,,,x,,,,,,100,,X,,,,,,X,,,,,,100,100,,X,,,,,,X,,,,,,100,1/11/2024,X,,,,,,x,,,,,,100,100,,,,X,,,RS,X,,,,,,50,,,,X,,,S,X,,,,,,50,1/11/2024,X,,,,,,x,,,,,,100,75
20,9,KER,58,R,96,R,97,1,,9,District 9 - Bishop Region,District 9 - Bishop Region,HiMt-3,Beg FY22,,1,,50,1,,,100,75,FY22/Q1,,1,,50,1,,,100,75,FY22/Q2,,1,,50,1,,,100,75,FY22/Q3,x,,,,,x,,,,,100,x,,,,,x,,,,,100,100,FY22/Q4,x,,,,,x,,,,,100,x,,,,,x,,,,,100,100,FY23/Q1,X,,,,,X,,,,,100,X,,,,,X,,,,,100,100,FY23/Q2,X,,,,,X,,,,,100,X,,,,,X,,,,,100,100,FY23/Q3,X,,,,,X,,,,,100,FY23/Q4,X,,,,,X,,,,,100,X,,,,,X,,,,,100,100,,x,,,,,,x,,,,,,100,,X,,,,,,X,,,,,,100,100,,,X,,,,R,X,,,,,,75,1/11/2024,X,,,,,,x,,,,,,100,88,,,,X,,,RS,X,,,,,,50,,,,X,,,S,X,,,,,,50,1/11/2024,X,,,,,,x,,,,,,100,75
21,9,KER,58,R,97,R,98,1,,9,District 9 - Bishop Region,District 9 - Bishop Region,HiMt-3,Beg FY22,,1,,50,1,,,100,75,FY22/Q1,,1,,50,1,,,100,75,FY22/Q2,,1,,50,1,,,100,75,FY22/Q3,x,,,,,x,,,,,100,x,,,,,x,,,,,100,100,FY22/Q4,x,,,,,x,,,,,100,x,,,,,x,,,,,100,100,FY23/Q1,X,,,,,X,,,,,100,X,,,,,X,,,,,100,100,FY23/Q2,X,,,,,X,,,,,100,X,,,,,X,,,,,100,100,FY23/Q3,X,,,,,X,,,,,100,FY23/Q4,X,,,,,X,,,,,100,X,,,,,X,,,,,100,100,,x,,,,,,x,,,,,,100,,X,,,,,,X,,,,,,100,100,,X,,,,,,X,,,,,,100,1/11/2024,X,,,,,,x,,,,,,100,100,,,X,,,,MR,X,,,,,,75,,,,X,,,S,X,,,,,,50,1/11/2024,X,,,,,,x,,,,,,100,75
22,9,KER,58,R,98,R,99,1,,9,District 9 - Bishop Region,District 9 - Bishop Region,HiMt-3,Beg FY22,,1,,50,1,,,100,75,FY22/Q1,,1,,50,1,,,100,75,FY22/Q2,,1,,50,1,,,100,75,FY22/Q3,x,,,,,x,,,,,100,x,,,,,x,,,,,100,100,FY22/Q4,x,,,,,x,,,,,100,x,,,,,x,,,,,100,100,FY23/Q1,,X,,,,X,,,,,75,,X,,,,X,,,,,75,75,FY23/Q2,X,,,,,X,,,,,100,X,,,,,X,,,,,100,100,FY23/Q3,X,,,,,X,,,,,100,FY23/Q4,X,,,,,X,,,,,100,X,,,,,X,,,,,100,100,,x,,,,,,x,,,,,,100,,X,,,,,,,X,,,,R,75,88,,X,,,,,,X,,,,,,100,1/11/2024,X,,,,,,x,,,,,,100,100,,X,,,,,,X,,,,,,100,,,,X,,,S,X,,,,,,50,1/11/2024,X,,,,,,x,,,,,,100,75
23,9,KER,58,R,99,R,100,1,,9,District 9 - Bishop Region,District 9 - Bishop Region,HiMt-3,Beg FY22,,,1,0,1,,,100,50,FY22/Q1,,1,,50,1,,,100,75,FY22/Q2,,,1,0,,1,,50,25,FY22/Q3,x,,,,,x,,,,,100,x,,,,,x,,,,,100,100,FY22/Q4,x,,,,,x,,,,,100,x,,,,,x,,,,,100,100,FY23/Q1,X,,,,,X,,,,,100,X,,,,,X,,,,,100,100,FY23/Q2,X,,,,,X,,,,,100,X,,,,,X,,,,,100,100,FY23/Q3,X,,,,,X,,,,,100,FY23/Q4,X,,,,,X,,,,,100,X,,,,,X,,,,,100,100,,x,,,,,,x,,,,,,100,,X,,,,,,X,,,,,,100,100,,X,,,,,,X,,,,,,100,1/11/2024,X,,,,,,x,,,,,,100,100,,X,,,,,,X,,,,,,100,,X,,,,,,X,,,,,,100,1/11/2024,X,,,,,,x,,,,,,100,100
24,9,KER,58,R,100,R,101,1,,9,District 9 - Bishop Region,District 9 - Bishop Region,HiMt-3,Beg FY22,1,,,100,,1,,50,75,FY22/Q1,1,,,100,1,,,100,100,FY22/Q2,,1,,50,,1,,50,50,FY22/Q3,x,,,,,x,,,,,100,x,,,,,x,,,,,100,100,FY22/Q4,x,,,,,x,,,,,100,x,,,,,x,,,,,100,100,FY23/Q1,X,,,,,X,,,,,100,X,,,,,X,,,,,100,100,FY23/Q2,X,,,,,X,,,,,100,X,,,,,X,,,,,100,100,FY23/Q3,X,,,,,X,,,,,100,FY23/Q4,X,,,,,X,,,,,100,X,,,,,X,,,,,100,100,,x,,,,,,x,,,,,,100,,X,,,,,,X,,,,,,100,100,,X,,,,,,X,,,,,,100,1/11/2024,X,,,,,,x,,,,,,100,100,,,X,,,,MR,X,,,,,,75,,X,,,,,,X,,,,,,100,1/11/2024,X,,,,,,x,,,,,,100,100
25,9,KER,58,R,101,R,102,1,,9,District 9 - Bishop Region,District 9 - Bishop Region,HiMt-3,Beg FY22,,1,,50,,1,,50,50,FY22/Q1,,,1,0,,1,,50,25,FY22/Q2,,,1,0,,1,,50,25,FY22/Q3,x,,,,,x,,,,,100,x,,,,,x,,,,,100,100,FY22/Q4,x,,,,,x,,,,,100,x,,,,,x,,,,,100,100,FY23/Q1,X,,,,,X,,,,,100,X,,,,,X,,,,,100,100,FY23/Q2,X,,,,,X,,,,,100,X,,,,,X,,,,,100,100,FY23/Q3,X,,,,,X,,,,,100,FY23/Q4,X,,,,,X,,,,,100,X,,,,,X,,,,,100,100,,x,,,,,,x,,,,,,100,,X,,,,,,X,,,,,,100,100,,X,,,,,,X,,,,,,100,1/11/2024,X,,,,,,x,,,,,,100,100,,X,,,,,,X,,,,,,100,,X,,,,,,X,,,,,,100,1/11/2024,X,,,,,,x,,,,,,100,100
26,9,KER,58,,102,,103,,,,,,,Beg FY22,,1,,50,1,,,100,75,FY22/Q1,,1,,50,1,,,100,75,FY22/Q2,,,1,,,1,,50,50,FY22/Q3,x,,,,,x,,,,,100,x,,,,,x,,,,,100,100,FY22/Q4,x,,,,,x,,,,,100,x,,,,,x,,,,,100,100,FY23/Q1,X,,,,,X,,,,,100,X,,,,,X,,,,,100,100,FY23/Q2,X,,,,,X,,,,,100,X,,,,,X,,,,,100,100,FY23/Q3,X,,,,,X,,,,,100,FY23/Q4,X,,,,,X,,,,,100,X,,,,,X,,,,,100,100,,x,,,,,,x,,,,,,100,,X,,,,,,X,,,,,,100,100,,X,,,,,,X,,,,,,100,1/11/2024,X,,,,,,,x,,,,M,75,88,,X,,,,,,X,,,,,,100,,X,,,,,,X,,,,,,100,1/11/2024,X,,,,,,,x,,,,M,75,88
27,9,KER,58,,103,,104,1,,9,District 9 - Bishop Region,District 9 - Bishop Region,HiMt-3,Beg FY22,1,,,100,1,,,100,100,FY22/Q1,,1,,50,,1,,50,50,FY22/Q2,,,1,0,,1,,50,25,FY22/Q3,x,,,,,x,,,,,100,x,,,,,x,,,,,100,100,FY22/Q4,x,,,,,x,,,,,100,x,,,,,x,,,,,100,100,FY23/Q1,X,,,,,X,,,,,100,X,,,,,X,,,,,100,100,FY23/Q2,X,,,,,X,,,,,100,X,,,,,X,,,,,100,100,FY23/Q3,X,,,,,X,,,,,100,FY23/Q4,X,,,,,X,,,,,100,X,,,,,X,,,,,100,100,,x,,,,,,x,,,,,,100,,,X,,,,R,X,,,,,,75,88,,X,,,,,,X,,,,,,100,1/11/2024,X,,,,,,x,,,,,,100,100,,X,,,,,,X,,,,,,100,,X,,,,,,X,,,,,,100,1/11/2024,X,,,,,,x,,,,,,100,100
28,9,KER,58,,104,,105,1,,9,District 9 - Bishop Region,District 9 - Bishop Region,Des-3,Beg FY22,1,,,100,1,,,100,100,FY22/Q1,1,,,100,1,,,100,100,FY22/Q2,,,1,0,,1,,50,25,FY22/Q3,x,,,,,x,,,,,100,x,,,,,x,,,,,100,100,FY22/Q4,x,,,,,x,,,,,100,x,,,,,x,,,,,100,100,FY23/Q1,,X,,,,X,,,,,75,,X,,,,X,,,,,75,75,FY23/Q2,X,,,,,X,,,,,100,X,,,,,X,,,,,100,100,FY23/Q3,X,,,,,X,,,,,100,FY23/Q4,X,,,,,X,,,,,100,X,,,,,X,,,,,100,100,,x,,,,,,x,,,,,,100,,X,,,,,,X,,,,,,100,100,,X,,,,,,X,,,,,,100,1/11/2024,X,,,,,,x,,,,,,100,100,,X,,,,,,X,,,,,,100,,X,,,,,,X,,,,,,100,1/11/2024,X,,,,,,x,,,,,,100,100
29,9,KER,58,,105,,106,1,,9,District 9 - Bishop Region,District 9 - Bishop Region,Des-3,Beg FY22,1,,,100,1,,,100,100,FY22/Q1,1,,,100,,1,,50,75,FY22/Q2,,1,,50,,1,,50,50,FY22/Q3,x,,,,,x,,,,,100,x,,,,,x,,,,,100,100,FY22/Q4,x,,,,,x,,,,,100,x,,,,,x,,,,,100,100,FY23/Q1,X,,,,,X,,,,,100,X,,,,,X,,,,,100,100,FY23/Q2,X,,,,,X,,,,,100,X,,,,,X,,,,,100,100,FY23/Q3,X,,,,,X,,,,,100,FY23/Q4,X,,,,,X,,,,,100,X,,,,,X,,,,,100,100,,x,,,,,,x,,,,,,100,,X,,,,,,X,,,,,,100,100,,X,,,,,,X,,,,,,100,1/11/2024,X,,,,,,x,,,,,,100,100,,X,,,,,,X,,,,,,100,,X,,,,,,X,,,,,,100,1/11/2024,X,,,,,,x,,,,,,100,100
30,9,KER,58, ,106,R,107,,,,,,,Beg FY22,1,,,100,1,,,100,100,FY22/Q1,,1,,50,1,,,100,75,FY22/Q2,,1,,50,1,,,100,75,FY22/Q3,x,,,,,x,,,,,100,x,,,,,x,,,,,100,100,FY22/Q4,x,,,,,x,,,,,100,x,,,,,x,,,,,100,100,FY23/Q1,,X,,,,X,,,,,75,,X,,,,X,,,,,75,75,FY23/Q2,X,,,,,X,,,,,100,X,,,,,X,,,,,100,100,FY23/Q3,X,,,,,X,,,,,100,FY23/Q4,X,,,,,X,,,,,100,X,,,,,X,,,,,100,100,,x,,,,,,x,,,,,,100,,X,,,,,,X,,,,,,100,100,,X,,,,,,,X,,,,R,75,1/11/2024,X,,,,,,x,,,,,,100,88,,X,,,,,,X,,,,,,100,,X,,,,,,X,,,,,,100,1/11/2024,X,,,,,,x,,,,,,100,100
31,9,KER,58,R,107,M,108,,,,,,,Beg FY22,1,,,100,1,,,100,100,FY22/Q1,,1,,50,1,,,100,75,FY22/Q2,,,1,0,1,,,100,50,FY22/Q3,x,,,,,x,,,,,100,x,,,,,x,,,,,100,100,FY22/Q4,x,,,,,x,,,,,100,x,,,,,x,,,,,100,100,FY23/Q1,X,,,,,X,,,,,100,X,,,,,X,,,,,100,100,FY23/Q2,X,,,,,X,,,,,100,X,,,,,X,,,,,100,100,FY23/Q3,X,,,,,X,,,,,100,FY23/Q4,X,,,,,X,,,,,100,X,,,,,X,,,,,100,100,,x,,,,,,x,,,,,,100,,X,,,,,,X,,,,,,100,100,,X,,,,,,X,,,,,,100,1/11/2024,X,,,,,,x,,,,,,100,100,,X,,,,,,X,,,,,,100,,X,,,,,,X,,,,,,100,1/11/2024,X,,,,,,x,,,,,,100,100
32,9,KER,58,M,108,M,109,,,,,,,Beg FY22,1,,,100,1,,,100,100,FY22/Q1,,1,,50,1,,,100,75,FY22/Q2,,,1,0,1,,,100,50,FY22/Q3,x,,,,,x,,,,,100,x,,,,,x,,,,,100,100,FY22/Q4,x,,,,,x,,,,,100,x,,,,,x,,,,,100,100,FY23/Q1,X,,,,,X,,,,,100,X,,,,,X,,,,,100,100,FY23/Q2,X,,,,,X,,,,,100,X,,,,,X,,,,,100,100,FY23/Q3,X,,,,,X,,,,,100,FY23/Q4,X,,,,,X,,,,,100,X,,,,,X,,,,,100,100,,x,,,,,,x,,,,,M,100,,X,,,,,,,X,,,,M,75,88,,X,,,,,,X,,,,,,100,1/11/2024,X,,,,,,x,,,,,,100,100,,X,,,,,,X,,,,,,100,,X,,,,,,X,,,,,,100,1/11/2024,X,,,,,,x,,,,,,100,100
33,9,KER,58,M,109,M,110,1,,9,District 9 - Bishop Region,District 9 - Bishop Region,HiMt-3,Beg FY22,1,,,100,1,,,100,100,FY22/Q1,1,,,100,1,,,100,100,FY22/Q2,,1,,50,1,,,100,75,FY22/Q3,x,,,,,x,,,,,100,x,,,,,x,,,,,100,100,FY22/Q4,x,,,,,x,,,,,100,x,,,,,x,,,,,100,100,FY23/Q1,,X,,,,X,,,,,75,,X,,,,X,,,,,75,75,FY23/Q2,X,,,,,X,,,,,100,X,,,,,X,,,,,100,100,FY23/Q3,X,,,,,X,,,,,100,FY23/Q4,X,,,,,X,,,,,100,X,,,,,X,,,,,100,100,,x,,,,,,x,,,,,,100,,X,,,,,,X,,,,,,100,100,,X,,,,,,X,,,,,,100,1/11/2024,X,,,,,,x,,,,,,100,100,,X,,,,,,X,,,,,,100,,X,,,,,,X,,,,,,100,1/11/2024,X,,,,,,x,,,,,,100,100
34,9,KER,58,M,110,M,111,1,,9,District 9 - Bishop Region,District 9 - Bishop Region,HiMt-3,Beg FY22,1,,,100,1,,,100,100,FY22/Q1,,1,,50,1,,,100,75,FY22/Q2,,1,,50,1,,,100,75,FY22/Q3,x,,,,,x,,,,,100,x,,,,,x,,,,,100,100,FY22/Q4,x,,,,,x,,,,,100,x,,,,,x,,,,,100,100,FY23/Q1,X,,,,,X,,,,,100,X,,,,,X,,,,,100,100,FY23/Q2,X,,,,,X,,,,,100,X,,,,,X,,,,,100,100,FY23/Q3,X,,,,,X,,,,,100,FY23/Q4,X,,,,,X,,,,,100,X,,,,,X,,,,,100,100,,x,,,,,,x,,,,,,100,,X,,,,,,X,,,,,,100,100,,X,,,,,,X,,,,,,100,1/11/2024,X,,,,,,x,,,,,,100,100,,X,,,,,,X,,,,,,100,,X,,,,,,X,,,,,,100,1/11/2024,X,,,,,,x,,,,,,100,100
35,9,KER,58,M,111,M,112,1,,9,District 9 - Bishop Region,District 9 - Bishop Region,HiMt-3,Beg FY22,,1,,50,1,,,100,75,FY22/Q1,,1,,50,1,,,100,75,FY22/Q2,1,,,100,1,,,100,100,FY22/Q3,x,,,,,x,,,,,100,x,,,,,x,,,,,100,100,FY22/Q4,x,,,,,x,,,,,100,x,,,,,x,,,,,100,100,FY23/Q1,X,,,,,X,,,,,100,X,,,,,X,,,,,100,100,FY23/Q2,X,,,,,X,,,,,100,X,,,,,X,,,,,100,100,FY23/Q3,X,,,,,X,,,,,100,FY23/Q4,X,,,,,X,,,,,100,X,,,,,X,,,,,100,100,,x,,,,,,x,,,,,,100,,X,,,,,,X,,,,,,100,100,,X,,,,,,X,,,,,,100,1/11/2024,X,,,,,,x,,,,,,100,100,,X,,,,,,X,,,,,,100,,X,,,,,,X,,,,,,100,1/11/2024,X,,,,,,x,,,,,,100,100
36,9,KER,58,M,112,M,113,1,,9,District 9 - Bishop Region,District 9 - Bishop Region,HiMt-3,Beg FY22,1,,,100,1,,,100,100,FY22/Q1,,1,,50,1,,,100,75,FY22/Q2,,1,,50,1,,,100,75,FY22/Q3,x,,,,,x,,,,,100,x,,,,,x,,,,,100,100,FY22/Q4,x,,,,,x,,,,,100,x,,,,,x,,,,,100,100,FY23/Q1,X,,,,,X,,,,,100,X,,,,,X,,,,,100,100,FY23/Q2,X,,,,,X,,,,,100,X,,,,,X,,,,,100,100,FY23/Q3,X,,,,,X,,,,,100,FY23/Q4,X,,,,,X,,,,,100,X,,,,,X,,,,,100,100,,x,,,,,,x,,,,,,100,,X,,,,,,X,,,,,,100,100,,X,,,,,,X,,,,,,100,1/11/2024,X,,,,,,x,,,,,,100,100,,X,,,,,,X,,,,,,100,,X,,,,,,X,,,,,,100,1/11/2024,X,,,,,,x,,,,,,100,100
37,9,KER,58,M,113,M,114,1,,9,District 9 - Bishop Region,District 9 - Bishop Region,HiMt-3,Beg FY22,,1,,50,1,,,100,75,FY22/Q1,,,1,0,1,,,100,50,FY22/Q2,,1,,50,1,,,100,75,FY22/Q3,x,,,,,x,,,,,100,x,,,,,x,,,,,100,100,FY22/Q4,x,,,,,x,,,,,100,x,,,,,x,,,,,100,100,FY23/Q1,X,,,,,X,,,,,100,X,,,,,X,,,,,100,100,FY23/Q2,X,,,,,X,,,,,100,X,,,,,X,,,,,100,100,FY23/Q3,X,,,,,X,,,,,100,FY23/Q4,X,,,,,X,,,,,100,X,,,,,X,,,,,100,100,,x,,,,,,x,,,,,,100,,X,,,,,,X,,,,,,100,100,,X,,,,,,X,,,,,,100,1/11/2024,X,,,,,,x,,,,,,100,100,,X,,,,,,X,,,,,,100,,X,,,,,,X,,,,,,100,1/11/2024,X,,,,,,x,,,,,,100,100
38,9,KER,58,M,114,M,115,1,,9,District 9 - Bishop Region,District 9 - Bishop Region,HiMt-3,Beg FY22,1,,,100,1,,,100,100,FY22/Q1,,,1,0,1,,,100,50,FY22/Q2,,,1,0,1,,,100,50,FY22/Q3,x,,,,,x,,,,,100,x,,,,,x,,,,,100,100,FY22/Q4,x,,,,,x,,,,,100,x,,,,,x,,,,,100,100,FY23/Q1,X,,,,,X,,,,,100,X,,,,,X,,,,,100,100,FY23/Q2,X,,,,,X,,,,,100,X,,,,,X,,,,,100,100,FY23/Q3,X,,,,,X,,,,,100,FY23/Q4,X,,,,,X,,,,,100,X,,,,,X,,,,,100,100,,x,,,,,,x,,,,,,100,,X,,,,,,X,,,,,,100,100,,X,,,,,,X,,,,,,100,1/11/2024,X,,,,,,x,,,,,,100,100,,X,,,,,,X,,,,,,100,,X,,,,,,X,,,,,,100,1/11/2024,X,,,,,,x,,,,,,100,100
39,9,KER,58,M,115,M,116,1,,9,District 9 - Bishop Region,District 9 - Bishop Region,HiMt-3,Beg FY22,1,,,100,1,,,100,100,FY22/Q1,,1,,50,1,,,100,75,FY22/Q2,,1,,50,,1,,50,50,FY22/Q3,x,,,,,x,,,,,100,x,,,,,x,,,,,100,100,FY22/Q4,x,,,,,x,,,,,100,x,,,,,x,,,,,100,100,FY23/Q1,X,,,,,X,,,,,100,X,,,,,X,,,,,100,100,FY23/Q2,X,,,,,X,,,,,100,X,,,,,X,,,,,100,100,FY23/Q3,X,,,,,X,,,,,100,FY23/Q4,X,,,,,X,,,,,100,X,,,,,X,,,,,100,100,,x,,,,,,x,,,,,,100,,X,,,,,,X,,,,,,100,100,,X,,,,,,X,,,,,,100,1/11/2024,X,,,,,,x,,,,,,100,100,,X,,,,,,X,,,,,,100,,X,,,,,,X,,,,,,100,1/11/2024,X,,,,,,x,,,,,,100,100
40,9,KER,58,M,116,M,117,1,,9,District 9 - Bishop Region,District 9 - Bishop Region,HiMt-3,Beg FY22,,1,,50,1,,,100,75,FY22/Q1,,1,,50,1,,,100,75,FY22/Q2,,1,,50,1,,,100,75,FY22/Q3,x,,,,,x,,,,,100,x,,,,,x,,,,,100,100,FY22/Q4,x,,,,,x,,,,,100,x,,,,,x,,,,,100,100,FY23/Q1,X,,,,,X,,,,,100,X,,,,,X,,,,,100,100,FY23/Q2,X,,,,,X,,,,,100,X,,,,,X,,,,,100,100,FY23/Q3,X,,,,,X,,,,,100,FY23/Q4,X,,,,,X,,,,,100,X,,,,,X,,,,,100,100,,x,,,,,,x,,,,,,100,,X,,,,,,X,,,,,,100,100,,X,,,,,,X,,,,,,100,1/11/2024,X,,,,,,x,,,,,,100,100,,X,,,,,,X,,,,,,100,,X,,,,,,X,,,,,,100,1/11/2024,X,,,,,,x,,,,,,100,100
41,9,KER,58,M,117,R,118,,,,,,,Beg FY22,,,1,0,1,,,100,50,FY22/Q1,,,1,0,1,,,100,50,FY22/Q2,,1,,50,1,,,100,75,FY22/Q3,,x,,,,x,,,,,75,,x,,,,x,,,,,75,75,FY22/Q4,x,,,,,x,,,,,100,x,,,,,x,,,,,100,100,FY23/Q1,,X,,,,X,,,,,75,,X,,,,X,,,,,75,75,FY23/Q2,X,,,,,X,,,,,100,X,,,,,X,,,,,100,100,FY23/Q3,X,,,,,X,,,,,100,FY23/Q4,,XM,,,,X,,,,,75,,X,,,,X,,,,,75,75,,x,,,,,,x,,,,,,100,,X,,,,,,X,,,,,,100,100,,X,,,,,,X,,,,,,100,1/11/2024,X,,,,,,x,,,,,,100,100,,X,,,,,,X,,,,,,100,,,X,,,,S,X,,,,,,75,1/11/2024,X,,,,,,x,,,,,,100,88
42,9,KER,58,R,118,R,119,1,,9,District 9 - Bishop Region,District 9 - Bishop Region,Des-3,Beg FY22,1,,,100,1,,,100,100,FY22/Q1,,1,,50,1,,,100,75,FY22/Q2,,1,,50,1,,,100,75,FY22/Q3,x,,,,,x,,,,,100,x,,,,,x,,,,,100,100,FY22/Q4,x,,,,,x,,,,,100,x,,,,,x,,,,,100,100,FY23/Q1,,X,,,,X,,,,,75,,X,,,,X,,,,,75,75,FY23/Q2,X,,,,,X,,,,,100,X,,,,,X,,,,,100,100,FY23/Q3,X,,,,,X,,,,,100,FY23/Q4,X,,,,,X,,,,,100,X,,,,,X,,,,,100,100,,x,,,,,,x,,,,,,100,,X,,,,,,X,,,,,,100,100,,X,,,,,,X,,,,,,100,1/11/2024,X,,,,,,x,,,,,,100,100,,X,,,,,,X,,,,,,100,,X,,,,,,X,,,,,,100,1/11/2024,X,,,,,,x,,,,,,100,100
43,9,KER,58,R,119,R,120,1,,9,District 9 - Bishop Region,District 9 - Bishop Region,Des-3,Beg FY22,,1,,50,1,,,100,75,FY22/Q1,,1,,50,1,,,100,75,FY22/Q2,1,,,100,1,,,100,100,FY22/Q3,x,,,,,x,,,,,100,x,,,,,x,,,,,100,100,FY22/Q4,x,,,,,x,,,,,100,x,,,,,x,,,,,100,100,FY23/Q1,X,,,,,X,,,,,100,X,,,,,X,,,,,100,100,FY23/Q2,X,,,,,X,,,,,100,X,,,,,X,,,,,100,100,FY23/Q3,X,,,,,X,,,,,100,FY23/Q4,X,,,,,X,,,,,100,X,,,,,X,,,,,100,100,,x,,,,,,x,,,,,,100,,X,,,,,,X,,,,,,100,100,,X,,,,,,X,,,,,,100,1/11/2024,X,,,,,,x,,,,,,100,100,,X,,,,,,X,,,,,,100,,X,,,,,,X,,,,,,100,1/11/2024,X,,,,,,x,,,,,,100,100
44,9,KER,58,R,120,R,121,1,,9,District 9 - Bishop Region,District 9 - Bishop Region,Des-3,Beg FY22,1,,,100,1,,,100,100,FY22/Q1,,,1,0,,1,,100,50,FY22/Q2,,1,,50,1,,,100,75,FY22/Q3,x,,,,,x,,,,,100,x,,,,,x,,,,,100,100,FY22/Q4,x,,,,,x,,,,,100,x,,,,,x,,,,,100,100,FY23/Q1,,X,,,,X,,,,,75,,X,,,,X,,,,,75,75,FY23/Q2,X,,,,,X,,,,,100,X,,,,,X,,,,,100,100,FY23/Q3,X,,,,,X,,,,,100,FY23/Q4,X,,,,,X,,,,,100,X,,,,,X,,,,,100,100,,x,,,,,,x,,,,,,100,,X,,,,,,X,,,,,,100,100,,X,,,,,,X,,,,,,100,1/11/2024,X,,,,,,x,,,,,,100,100,,X,,,,,,X,,,,,,100,,X,,,,,,X,,,,,,100,1/11/2024,X,,,,,,x,,,,,,100,100
45,9,KER,58,R,121,R,122,1,,9,District 9 - Bishop Region,District 9 - Bishop Region,Des-3,Beg FY22,1,,,100,1,,,100,100,FY22/Q1,1,,,100,1,,,100,100,FY22/Q2,1,,,100,1,,,100,100,FY22/Q3,x,,,,,x,,,,,100,x,,,,,x,,,,,100,100,FY22/Q4,x,,,,,x,,,,,100,x,,,,,x,,,,,100,100,FY23/Q1,X,,,,,X,,,,,100,X,,,,,X,,,,,100,100,FY23/Q2,X,,,,,X,,,,,100,X,,,,,X,,,,,100,100,FY23/Q3,X,,,,,X,,,,,100,FY23/Q4,X,,,,,X,,,,,100,X,,,,,X,,,,,100,100,,x,,,,,,x,,,,,,100,,X,,,,,,X,,,,,,100,100,,X,,,,,,X,,,,,,100,1/11/2024,X,,,,,,x,,,,,,100,100,,X,,,,,,X,,,,,,100,,X,,,,,,X,,,,,,100,1/11/2024,X,,,,,,x,,,,,,100,100
46,9,KER,58,R,122,R,123,1,,9,District 9 - Bishop Region,District 9 - Bishop Region,Des-3,Beg FY22,,1,,50,1,,,100,75,FY22/Q1,,1,,50,1,,,100,75,FY22/Q2,,1,,50,1,,,100,75,FY22/Q3,x,,,,,x,,,,,100,x,,,,,x,,,,,100,100,FY22/Q4,x,,,,,x,,,,,100,x,,,,,x,,,,,100,100,FY23/Q1,X,,,,,X,,,,,100,X,,,,,X,,,,,100,100,FY23/Q2,X,,,,,X,,,,,100,X,,,,,X,,,,,100,100,FY23/Q3,X,,,,,X,,,,,100,FY23/Q4,X,,,,,X,,,,,100,X,,,,,X,,,,,100,100,,x,,,,,,x,,,,,,100,,X,,,,,,X,,,,,,100,100,,X,,,,,,X,,,,,,100,1/11/2024,X,,,,,,x,,,,,,100,100,,X,,,,,,X,,,,,,100,,X,,,,,,X,,,,,,100,1/11/2024,X,,,,,,x,,,,,,100,100
47,9,KER,58,R,123,R,124,1,,9,District 9 - Bishop Region,District 9 - Bishop Region,Des-3,Beg FY22,,1,,50,1,,,100,75,FY22/Q1,,,1,0,1,,,100,50,FY22/Q2,1,,,100,1,,,100,100,FY22/Q3,x,,,,,x,,,,,100,x,,,,,x,,,,,100,100,FY22/Q4,x,,,,,x,,,,,100,x,,,,,x,,,,,100,100,FY23/Q1,X,,,,,X,,,,,100,X,,,,,X,,,,,100,100,FY23/Q2,X,,,,,X,,,,,100,X,,,,,X,,,,,100,100,FY23/Q3,X,,,,,X,,,,,100,FY23/Q4,X,,,,,X,,,,,100,X,,,,,X,,,,,100,100,,x,,,,,,x,,,,,,100,,X,,,,,,X,,,,,,100,100,,X,,,,,,X,,,,,,100,1/11/2024,X,,,,,,x,,,,,,100,100,,X,,,,,,X,,,,,,100,,X,,,,,,X,,,,,,100,1/11/2024,X,,,,,,x,,,,,,100,100
48,9,KER,58,R,124,R,125,1,,9,District 9 - Bishop Region,District 9 - Bishop Region,Des-3,Beg FY22,1,,,100,1,,,100,100,FY22/Q1,,1,,50,1,,,100,75,FY22/Q2,1,,,100,1,,,100,100,FY22/Q3,x,,,,,x,,,,,100,x,,,,,x,,,,,100,100,FY22/Q4,x,,,,,x,,,,,100,x,,,,,x,,,,,100,100,FY23/Q1,,X,,,,X,,,,,75,,X,,,,X,,,,,75,75,FY23/Q2,X,,,,,X,,,,,100,X,,,,,X,,,,,100,100,FY23/Q3,X,,,,,X,,,,,100,FY23/Q4,X,,,,,X,,,,,100,X,,,,,X,,,,,100,100,,x,,,,,,x,,,,,,100,,X,,,,,,X,,,,,,100,100,,X,,,,,,X,,,,,,100,1/11/2024,X,,,,,,x,,,,,,100,100,,X,,,,,,X,,,,,,100,,X,,,,,,X,,,,,,100,1/11/2024,X,,,,,,x,,,,,,100,100
49,9,KER,58,R,125,R,126,1,,9,District 9 - Bishop Region,District 9 - Bishop Region,Des-3,Beg FY22,1,,,100,1,,,100,100,FY22/Q1,1,,,100,1,,,100,100,FY22/Q2,,1,,50,1,,,100,75,FY22/Q3,x,,,,,x,,,,,100,x,,,,,x,,,,,100,100,FY22/Q4,x,,,,,x,,,,,100,x,,,,,x,,,,,100,100,FY23/Q1,,X,,,,X,,,,,75,,X,,,,X,,,,,75,75,FY23/Q2,X,,,,,X,,,,,100,X,,,,,X,,,,,100,100,FY23/Q3,X,,,,,X,,,,,100,FY23/Q4,X,,,,,X,,,,,100,X,,,,,X,,,,,100,100,,x,,,,,,x,,,,,,100,,X,,,,,,X,,,,,,100,100,,X,,,,,,X,,,,,,100,1/11/2024,X,,,,,,x,,,,,,100,100,,X,,,,,,X,,,,,,100,,X,,,,,,X,,,,,,100,1/11/2024,X,,,,,,x,,,,,,100,100
50,9,KER,58,R,126,R,127,1,,9,District 9 - Bishop Region,District 9 - Bishop Region,Des-3,Beg FY22,1,,,100,1,,,100,100,FY22/Q1,1,,,100,1,,,100,100,FY22/Q2,1,,,100,1,,,100,100,FY22/Q3,x,,,,,x,,,,,100,x,,,,,x,,,,,100,100,FY22/Q4,x,,,,,x,,,,,100,x,,,,,x,,,,,100,100,FY23/Q1,X,,,,,X,,,,,100,X,,,,,X,,,,,100,100,FY23/Q2,X,,,,,X,,,,,100,X,,,,,X,,,,,100,100,FY23/Q3,X,,,,,X,,,,,100,FY23/Q4,X,,,,,X,,,,,100,X,,,,,X,,,,,100,100,,x,,,,,,x,,,,,,100,,X,,,,,,X,,,,,,100,100,,X,,,,,,X,,,,,,100,1/11/2024,X,,,,,,x,,,,,,100,100,,X,,,,,,X,,,,,,100,,X,,,,,,X,,,,,,100,1/11/2024,X,,,,,,x,,,,,,100,100
51,9,KER,58,R,127,R,128,1,,9,District 9 - Bishop Region,District 9 - Bishop Region,Des-3,Beg FY22,,1,,50,1,,,100,75,FY22/Q1,1,,,100,1,,,100,100,FY22/Q2,1,,,100,1,,,100,100,FY22/Q3,x,,,,,x,,,,,100,x,,,,,x,,,,,100,100,FY22/Q4,x,,,,,x,,,,,100,x,,,,,x,,,,,100,100,FY23/Q1,,X,,,,X,,,,,75,,X,,,,X,,,,,75,75,FY23/Q2,X,,,,,X,,,,,100,X,,,,,X,,,,,100,100,FY23/Q3,X,,,,,X,,,,,100,FY23/Q4,X,,,,,X,,,,,100,X,,,,,X,,,,,100,100,,x,,,,,,x,,,,,,100,,X,,,,,,X,,,,,,100,100,,X,,,,,,X,,,,,,100,1/11/2024,X,,,,,,x,,,,,,100,100,,X,,,,,,X,,,,,,100,,X,,,,,,X,,,,,,100,1/11/2024,X,,,,,,x,,,,,,100,100
52,9,KER,58,R,128,R,129,1,,9,District 9 - Bishop Region,District 9 - Bishop Region,Des-3,Beg FY22,1,,,100,1,,,100,100,FY22/Q1,,1,,50,1,,,100,75,FY22/Q2,1,,,100,1,,,100,100,FY22/Q3,x,,,,,x,,,,,100,x,,,,,x,,,,,100,100,FY22/Q4,x,,,,,x,,,,,100,x,,,,,x,,,,,100,100,FY23/Q1,X,,,,,X,,,,,100,X,,,,,X,,,,,100,100,FY23/Q2,X,,,,,X,,,,,100,X,,,,,X,,,,,100,100,FY23/Q3,X,,,,,X,,,,,100,FY23/Q4,X,,,,,X,,,,,100,X,,,,,X,,,,,100,100,,x,,,,,,x,,,,,,100,,X,,,,,,X,,,,,,100,100,,X,,,,,,X,,,,,,100,1/11/2024,X,,,,,,x,,,,,,100,100,,X,,,,,,X,,,,,,100,,X,,,,,,X,,,,,,100,1/11/2024,X,,,,,,x,,,,,,100,100
53,9,KER,58,R,129,R,130,1,,9,District 9 - Bishop Region,District 9 - Bishop Region,Des-3,Beg FY22,,1,,50,1,,,100,75,FY22/Q1,,,1,0,1,,,100,50,FY22/Q2,1,,,100,1,,,100,100,FY22/Q3,x,,,,,x,,,,,100,x,,,,,x,,,,,100,100,FY22/Q4,x,,,,,x,,,,,100,x,,,,,x,,,,,100,100,FY23/Q1,X,,,,,X,,,,,100,,X,,,,X,,,,,75,88,FY23/Q2,X,,,,,X,,,,,100,X,,,,,X,,,,,100,100,FY23/Q3,X,,,,,X,,,,,100,FY23/Q4,X,,,,,X,,,,,100,X,,,,,X,,,,,100,100,,x,,,,,,x,,,,,,100,,X,,,,,,X,,,,,,100,100,,X,,,,,,X,,,,,,100,1/11/2024,X,,,,,,x,,,,,,100,100,,X,,,,,,X,,,,,,100,,X,,,,,,X,,,,,,100,1/11/2024,X,,,,,,x,,,,,,100,100
54,9,KER,58,R,130,R,131,1,,9,District 9 - Bishop Region,District 9 - Bishop Region,Des-3,Beg FY22,,1,,50,1,,,100,75,FY22/Q1,,,1,0,1,,,100,50,FY22/Q2,,,1,0,1,,,100,50,FY22/Q3,x,,,,,x,,,,,100,x,,,,,x,,,,,100,100,FY22/Q4,x,,,,,x,,,,,100,x,,,,,x,,,,,100,100,FY23/Q1,X,,,,,X,,,,,100,X,,,,,X,,,,,100,100,FY23/Q2,X,,,,,X,,,,,100,X,,,,,X,,,,,100,100,FY23/Q3,X,,,,,X,,,,,100,FY23/Q4,X,,,,,X,,,,,100,X,,,,,X,,,,,100,100,,x,,,,,,x,,,,,,100,,X,,,,,,X,,,,,,100,100,,X,,,,,,X,,,,,,100,1/11/2024,X,,,,,,x,,,,,,100,100,,X,,,,,,,X,,,,RUBBER,75,,X,,,,,,X,,,,,,100,1/11/2024,X,,,,,,x,,,,,,100,100
55,9,KER,58,R,131,R,132,1,,9,District 9 - Bishop Region,District 9 - Bishop Region,Des-3,Beg FY22,,1,,50,1,,,100,75,FY22/Q1,,,1,0,1,,,100,50,FY22/Q2,,1,,50,1,,,100,75,FY22/Q3,x,,,,,x,,,,,100,x,,,,,x,,,,,100,100,FY22/Q4,x,,,,,x,,,,,100,x,,,,,x,,,,,100,100,FY23/Q1,,X,,,,X,,,,,75,,X,,,,X,,,,,75,75,FY23/Q2,X,,,,,X,,,,,100,X,,,,,X,,,,,100,100,FY23/Q3,X,,,,,X,,,,,100,FY23/Q4,X,,,,,X,,,,,100,X,,,,,X,,,,,100,100,,x,,,,,,x,,,,,,100,,X,,,,,,X,,,,,,100,100,,X,,,,,,X,,,,,,100,1/11/2024,X,,,,,,x,,,,,,100,100,,X,,,,,,X,,,,,,100,,X,,,,,,X,,,,,,100,1/11/2024,X,,,,,,x,,,,,,100,100
56,9,KER,58,R,132,R,133,1,,9,District 9 - Bishop Region,District 9 - Bishop Region,Des-3,Beg FY22,,,1,0,1,,,100,50,FY22/Q1,,,1,0,1,,,100,50,FY22/Q2,,1,,50,1,,,100,75,FY22/Q3,x,,,,,x,,,,,100,x,,,,,x,,,,,100,100,FY22/Q4,x,,,,,x,,,,,100,x,,,,,x,,,,,100,100,FY23/Q1,,X,,,,X,,,,,75,,X,,,,X,,,,,75,75,FY23/Q2,X,,,,,X,,,,,100,X,,,,,X,,,,,100,100,FY23/Q3,X,,,,,X,,,,,100,FY23/Q4,X,,,,,X,,,,,100,X,,,,,X,,,,,100,100,,x,,,,,,x,,,,,,100,,X,,,,,,X,,,,,,100,100,,X,,,,,,X,,,,,,100,1/11/2024,X,,,,,,x,,,,,,100,100,,X,,,,,,X,,,,,,100,,X,,,,,,X,,,,,,100,1/11/2024,X,,,,,,x,,,,,,100,100
57,9,KER,58,R,133,R,134,1,,9,District 9 - Bishop Region,District 9 - Bishop Region,Des-3,Beg FY22,,1,,50,1,,,100,75,FY22/Q1,,1,,50,1,,,100,75,FY22/Q2,1,,,100,1,,,100,100,FY22/Q3,x,,,,,x,,,,,100,x,,,,,x,,,,,100,100,FY22/Q4,x,,,,,x,,,,,100,x,,,,,x,,,,,100,100,FY23/Q1,,X,,,,X,,,,,75,,X,,,,X,,,,,75,75,FY23/Q2,X,,,,,X,,,,,100,X,,,,,X,,,,,100,100,FY23/Q3,X,,,,,X,,,,,100,FY23/Q4,X,,,,,X,,,,,100,X,,,,,X,,,,,100,100,,x,,,,,,x,,,,,,100,,X,,,,,,X,,,,,,100,100,,X,,,,,,X,,,,,,100,1/11/2024,X,,,,,,x,,,,,,100,100,,X,,,,,,X,,,,,,100,,X,,,,,,X,,,,,,100,1/11/2024,X,,,,,,x,,,,,,100,100
58,9,KER,58,R,134,R,135,1,,9,District 9 - Bishop Region,District 9 - Bishop Region,Des-3,Beg FY22,,1,,50,1,,,100,75,FY22/Q1,,1,,50,1,,,100,75,FY22/Q2,1,,,100,1,,,100,100,FY22/Q3,x,,,,,x,,,,,100,x,,,,,x,,,,,100,100,FY22/Q4,x,,,,,x,,,,,100,x,,,,,x,,,,,100,100,FY23/Q1,X,,,,,X,,,,,100,,X,,,,X,,,,,75,88,FY23/Q2,X,,,,,X,,,,,100,X,,,,,X,,,,,100,100,FY23/Q3,X,,,,,X,,,,,100,FY23/Q4,X,,,,,X,,,,,100,X,,,,,X,,,,,100,100,,x,,,,,,x,,,,,,100,,X,,,,,,X,,,,,,100,100,,X,,,,,,X,,,,,,100,1/11/2024,X,,,,,,x,,,,,,100,100,,X,,,,,,X,,,,,,100,,X,,,,,,X,,,,,,100,1/11/2024,X,,,,,,x,,,,,,100,100
59,9,KER,58,R,135,R,136,1,,9,District 9 - Bishop Region,District 9 - Bishop Region,Des-3,Beg FY22,,1,,50,1,,,100,75,FY22/Q1,,,1,0,1,,,100,50,FY22/Q2,,1,,50,1,,,100,75,FY22/Q3,x,,,,,x,,,,,100,x,,,,,x,,,,,100,100,FY22/Q4,x,,,,,x,,,,,100,x,,,,,x,,,,,100,100,FY23/Q1,X,,,,,X,,,,,100,,X,,,,X,,,,,75,88,FY23/Q2,X,,,,,X,,,,,100,X,,,,,X,,,,,100,100,FY23/Q3,X,,,,,X,,,,,100,FY23/Q4,X,,,,,X,,,,,100,X,,,,,X,,,,,100,100,,x,,,,,,x,,,,,,100,,X,,,,,,X,,,,,,100,100,,X,,,,,,X,,,,,,100,1/11/2024,X,,,,,,x,,,,,,100,100,,,X,,,,RAMP,X,,,,,,75,,X,,,,,,X,,,,,,100,1/11/2024,X,,,,,,x,,,,,,100,100
60,9,KER,58,R,136,R,137,1,,9,District 9 - Bishop Region,District 9 - Bishop Region,Des-3,Beg FY22,,,1,0,1,,,100,50,FY22/Q1,,,1,0,1,,,100,50,FY22/Q2,1,,,100,1,,,100,100,FY22/Q3,x,,,,,x,,,,,100,x,,,,,x,,,,,100,100,FY22/Q4,x,,,,,x,,,,,100,x,,,,,x,,,,,100,100,FY23/Q1,,X,,,,,X,,,,50,,X,,,,,X,,,,50,50,FY23/Q2,X,,,,,X,,,,,100,X,,,,,X,,,,,100,100,FY23/Q3,X,,,,,X,,,,,100,FY23/Q4,X,,,,,X,,,,,100,X,,,,,X,,,,,100,100,,x,,,,,,x,,,,,,100,,X,,,,,,X,,,,,,100,100,,X,,,,,,X,,,,,,100,1/11/2024,X,,,,,,x,,,,,,100,100,,X,,,,,,X,,,,,,100,,X,,,,,,X,,,,,,100,1/11/2024,X,,,,,,x,,,,,,100,100
61,9,KER,58,R,137,R,138,1,,9,District 9 - Bishop Region,District 9 - Bishop Region,Des-3,Beg FY22,,1,,50,1,,,100,75,FY22/Q1,,,1,0,1,,,100,50,FY22/Q2,,1,,50,1,,,100,75,FY22/Q3,x,,,,,x,,,,,100,x,,,,,x,,,,,100,100,FY22/Q4,x,,,,,x,,,,,100,x,,,,,x,,,,,100,100,FY23/Q1,X,,,,,,X,,,,75,X,,,,,,X,,,,75,75,FY23/Q2,X,,,,,X,,,,,100,X,,,,,X,,,,,100,100,FY23/Q3,X,,,,,X,,,,,100,FY23/Q4,X,,,,,X,,,,,100,X,,,,,X,,,,,100,100,,x,,,,,,x,,,,,,100,,X,,,,,,X,,,,,,100,100,,X,,,,,,X,,,,,,100,1/11/2024,X,,,,,,x,,,,,,100,100,,X,,,,,,X,,,,,,100,,X,,,,,,X,,,,,,100,1/11/2024,X,,,,,,x,,,,,,100,100
62,9,KER,58,R,138,R,139,1,,9,District 9 - Bishop Region,District 9 - Bishop Region,Des-3,Beg FY22,,1,,50,,1,,50,50,FY22/Q1,,,1,0,,1,,50,25,FY22/Q2,,,1,0,1,,,100,50,FY22/Q3,x,,,,,x,,,,,100,x,,,,,x,,,,,100,100,FY22/Q4,x,,,,,x,,,,,100,x,,,,,x,,,,,100,100,FY23/Q1,,X,,,,X,,,,,75,,X,,,,X,,,,,75,75,FY23/Q2,X,,,,,X,,,,,100,X,,,,,X,,,,,100,100,FY23/Q3,X,,,,,X,,,,,100,FY23/Q4,X,,,,,X,,,,,100,X,,,,,X,,,,,100,100,,x,,,,,,x,,,,,,100,,X,,,,,,X,,,,,,100,100,,X,,,,,,X,,,,,,100,1/11/2024,X,,,,,,x,,,,,,100,100,,X,,,,,,X,,,,,,100,,X,,,,,,X,,,,,,100,1/11/2024,X,,,,,,x,,,,,,100,100
63,9,KER,58,R,139,R,140,1,,9,District 9 - Bishop Region,District 9 - Bishop Region,Des-3,Beg FY22,,,1,0,,1,,50,25,FY22/Q1,,,1,0,,1,,50,25,FY22/Q2,,,1,0,1,,,100,50,FY22/Q3,,,x,,,,,x,,,0,,,x,,,,,X,,,0,0,FY22/Q4,x,,,,,x,,,,,100,x,,,,,x,,,,,100,100,FY23/Q1,,X,,,,,X,,,,50,,X,,,,,X,,,,50,50,FY23/Q2,X,,,,,X,,,,,100,X,,,,,X,,,,,100,100,FY23/Q3,X,,,,,X,,,,,100,FY23/Q4,X,,,,,X,,,,,100,X,,,,,X,,,,,100,100,,x,,,,,,x,,,,,,100,,X,,,,,,X,,,,,,100,100,,X,,,,,,X,,,,,,100,1/11/2024,,X,,,,                    M,x,,,,,,75,88,,X,,,,,,X,,,,,,100,,X,,,,,,X,,,,,,100,1/11/2024,,X,,,,                    M,x,,,,,,75,88
64,9,KER,58,R,140,R,141,1,,9,District 9 - Bishop Region,District 9 - Bishop Region,Des-3,Beg FY22,,1,,50,1,,,100,75,FY22/Q1,,,1,0,1,,,100,50,FY22/Q2,,1,,50,1,,,100,75,FY22/Q3,,x,,,,,x,,,,50,,,x,,,,X,,,,25,38,FY22/Q4,x,,,,,x,,,,,100,x,,,,,x,,,,,100,100,FY23/Q1,X,,,,,X,,,,,100,X,,,,,X,,,,,100,100,FY23/Q2,X,,,,,X,,,,,100,X,,,,,X,,,,,100,100,FY23/Q3,X,,,,,X,,,,,100,FY23/Q4,X,,,,,X,,,,,100,X,,,,,X,,,,,100,100,,x,,,,,,x,,,,,,100,,X,,,,,,X,,,,,,100,100,,X,,,,,,X,,,,,,100,1/11/2024,,X,,,,                    M,x,,,,,,75,88,,X,,,,,,X,,,,,,100,,X,,,,,,X,,,,,,100,1/11/2024,,X,,,,                    M,x,,,,,,75,88
65,9,KER,58,R,141,R,142,1,,9,District 9 - Bishop Region,District 9 - Bishop Region,HiMt-3,Beg FY22,,1,,50,1,,,100,75,FY22/Q1,,,1,0,1,,,100,50,FY22/Q2,,1,,50,1,,,100,75,FY22/Q3,x,,,,,x,,,,,100,x,,,,,x,,,,,100,100,FY22/Q4,x,,,,,x,,,,,100,x,,,,,x,,,,,100,100,FY23/Q1,,X,,,,X,,,,,75,,X,,,,,X,,,,50,63,FY23/Q2,X,,,,,X,,,,,100,X,,,,,X,,,,,100,100,FY23/Q3,X,,,,,X,,,,,100,FY23/Q4,X,,,,,X,,,,,100,X,,,,,X,,,,,100,100,,x,,,,,,x,,,,,,100,,X,,,,,,X,,,,,,100,100,,X,,,,,,X,,,,,,100,1/11/2024,X,,,,,,x,,,,,,100,100,,X,,,,,,X,,,,,,100,,X,,,,,,X,,,,,,100,1/11/2024,X,,,,,,x,,,,,,100,100
,,,,,,,,,,,,,,,,,,,,,,,,,,,,,,,,,,,,,,,,,,,,,,,,,,,,,,,,,,,,,,,,,,,,,,,,,,,,,,,,,,,,,,,,,,,,,,,,,,,,,,,,,,,,,,,,,,,,,,,,,,,,,,,,,,,,,,,,,,,,,,,,,,,,,,,,,,,,,,,,,,,,,,,,,,,,,,,,,,,,,,,,,,,,,,,,,,,,,,,,,,,,#DIV/0!,,,,,,,,,,,,,,,1/11/2024,,,,,,,,,,,,,,#DIV/0!,,,,,,,,,,,,,,,,,,,,,,,,,,,,,1/11/2024,,,,,,,,,,,,,,#DIV/0!
66,9,KER,202,R,2,R,,1,,9,District 9 - Bishop Region,District 9 - Bishop Region,HiMt-3,Beg FY22,,,1,0,1,,,100,50,FY22/Q1,1,,,100,,1,,100,100,FY22/Q2,1,,,100,,1,,50,75,FY22/Q3,x,,,,,x,,,,,100,x,,,,,x,,,,,100,100,FY22/Q4,x,,,,,x,,,,,100,x,,,,,x,,,,,100,100,FY23/Q1,X,,,,,X,,,,,100,X,,,,,,X,,,,75,88,FY23/Q2,X,,,,,X,,,,,100,X,,,,,X,,,,,100,100,FY23/Q3,X,,,,,X,,,,,100,FY23/Q4,X,,,,,X,,,,,100,X,,,,,X,,,,,100,100,,x,,,,,,x,,,,,,100,10/5/2023,X,,,,,,X,,,,,,100,100,1/8-10/24,X,,,,,,X,,,,,,100,1/11/2024,x,,,,,,x,,,,,,100,100,4/10/2024,X,,,,,,X,,,,,,100,,X,,,,,,X,,,,,,100,1/11/2024,x,,,,,,x,,,,,,100,100
67,9,KER,202,R,3,R,4,1,,9,District 9 - Bishop Region,District 9 - Bishop Region,HiMt-3,Beg FY22,,,1,0,,1,,50,25,FY22/Q1,,,1,0,,1,,50,25,FY22/Q2,,1,,50,,1,,50,50,FY22/Q3,x,,,,,x,,,,,100,x,,,,,x,,,,,100,100,FY22/Q4,x,,,,,x,,,,,100,x,,,,,x,,,,,100,100,FY23/Q1,X,,,,,X,,,,,100,X,,,,,,X,,,,75,88,FY23/Q2,X,,,,,X,,,,,100,X,,,,,X,,,,,100,100,FY23/Q3,X,,,,,X,,,,,100,FY23/Q4,X,,,,,X,,,,,100,X,,,,,X,,,,,100,100,,x,,,,,,x,,,,,,100,,X,,,,,,X,,,,,,100,100,,X,,,,,,X,,,,,,100,1/11/2024,x,,,,,,x,,,,,,100,100,,X,,,,,,X,,,,,,100,,X,,,,,,X,,,,,,100,1/11/2024,x,,,,,,x,,,,,,100,100
68,9,KER,202,R,4,R,5,1,,9,District 9 - Bishop Region,District 9 - Bishop Region,HiMt-3,Beg FY22,,,1,0,,1,,50,25,FY22/Q1,1,,,100,,1,,50,75,FY22/Q2,,,1,0,,1,,50,25,FY22/Q3,x,,,,,x,,,,,100,x,,,,,x,,,,,100,100,FY22/Q4,x,,,,,x,,,,,100,x,,,,,x,,,,,100,100,FY23/Q1,X,,,,,X,,,,,100,X,,,,,,X,,,,75,88,FY23/Q2,,,,X,,,,,X,,#DIV/0!,,,,X,,,,,X,,#DIV/0!,#DIV/0!,FY23/Q3,,X,,,,X,,,,,75,FY23/Q4,X,,,,,X,,,,,100,X,,,,,X,,,,,100,100,,x,,,,,,x,,,,,,100,,X,,,,,,X,,,,,,100,100,,X,,,,,,X,,,,,,100,1/11/2024,x,,,,,,x,,,,,,100,100,,X,,,,,,X,,,,,,100,,,X,,,,S 4.5 Area,X,,,,,,75,1/11/2024,x,,,,,,x,,,,,,100,88
69,9,KER,202,R,5,R,6,1,,9,District 9 - Bishop Region,District 9 - Bishop Region,HiMt-3,Beg FY22,,1,,50,1,,,100,75,FY22/Q1,1,,,100,,1,,100,100,FY22/Q2,,1,,50,,1,,50,50,FY22/Q3,x,,,,,x,,,,,100,x,,,,,x,,,,,100,100,FY22/Q4,x,,,,,x,,,,,100,x,,,,,x,,,,,100,100,FY23/Q1,X,,,,,X,,,,,100,X,,,,,,X,,,,75,88,FY23/Q2,X,,,,,X,,,,,100,X,,,,,X,,,,,100,100,FY23/Q3,X,,,,,X,,,,,100,FY23/Q4,X,,,,,X,,,,,100,X,,,,,X,,,,,100,100,,x,,,,,,x,,,,,,100,,X,,,,,,X,,,,,,100,100,,X,,,,,,X,,,,,,100,1/11/2024,x,,,,,,x,,,,,,100,100,,X,,,,,,X,,,,,,100,,X,,,,,,,X,,,,S 5.5-5.6,75,1/11/2024,x,,,,,,x,,,,,,100,88
70,9,KER,202,R,6,R,7,,,,District 9 - Bishop Region,District 9 - Bishop Region,HiMt-3,Beg FY22,,1,,50,1,,,100,75,FY22/Q1,1,,,100,,1,,100,100,FY22/Q2,1,,,100,,1,,50,75,FY22/Q3,x,,,,,x,,,,,100,x,,,,,x,,,,,100,100,FY22/Q4,x,,,,,x,,,,,100,x,,,,,x,,,,,100,100,FY23/Q1,X,,,,,X,,,,,100,X,,,,,,X,,,,75,88,FY23/Q2,X,,,,,X,,,,,100,X,,,,,X,,,,,100,100,FY23/Q3,X,,,,,X,,,,,100,FY23/Q4,X,,,,,X,,,,,100,X,,,,,X,,,,,100,100,,x,,,,,Adopt hwy pickup,x,,,,,Adopt hwy pickup,100,,X,,,,,,X,,,,,,100,100,,X,,,,,,X,,,,,,100,1/11/2024,x,,,,,,x,,,,,,100,100,,X,,,,,,X,,,,,,100,,X,,,,,,X,,,,,,100,1/11/2024,x,,,,,,x,,,,,,100,100
71,9,KER,202,R,7,R,8,1,,9,District 9 - Bishop Region,District 9 - Bishop Region,HiMt-3,Beg FY22,,1,,50,1,,,100,75,FY22/Q1,,1,,50,,1,,100,75,FY22/Q2,,1,,50,,1,,50,50,FY22/Q3,x,,,,,x,,,,,100,x,,,,,x,,,,,100,100,FY22/Q4,x,,,,,x,,,,,100,x,,,,,x,,,,,100,100,FY23/Q1,X,,,,,X,,,,,100,X,,,,,,X,,,,75,88,FY23/Q2,X,,,,,X,,,,,100,X,,,,,X,,,,,100,100,FY23/Q3,X,,,,,,X,,,,75,FY23/Q4,X,,,,,X,,,,,100,X,,,,,X,,,,,100,100,,x,,,,,Adopt hwy pickup,x,,,,,Adopt hwy pickup,100,,X,,,,,,x,,,,,,100,100,,X,,,,,,X,,,,,,100,1/11/2024,x,,,,,,x,,,,,,100,100,,X,,,,,,X,,,,,,100,,X,,,,,,X,,,,,,100,1/11/2024,x,,,,,,x,,,,,,100,100
72,9,KER,202,R,8,R,9,1,,9,District 9 - Bishop Region,District 9 - Bishop Region,HiMt-3,Beg FY22,,1,,50,1,,,100,75,FY22/Q1,,,1,0,,1,,100,50,FY22/Q2,1,,,100,1,,,100,100,FY22/Q3,x,,,,,x,,,,,100,x,,,,,x,,,,,100,100,FY22/Q4,x,,,,,x,,,,,100,x,,,,,x,,,,,100,100,FY23/Q1,X,,,,,X,,,,,100,X,,,,,,X,,,,75,88,FY23/Q2,X,,,,,X,,,,,100,X,,,,,X,,,,,100,100,FY23/Q3,X,,,,,X,,,,,100,FY23/Q4,X,,,,,X,,,,,100,X,,,,,X,,,,,100,100,,x,,,,,Adopt hwy pickup,x,,,,,Adopt hwy pickup,100,,X,,,,,,X,,,,,,100,100,,X,,,,,,X,,,,,,100,1/11/2024,x,,,,,,x,,,,,,100,100,,X,,,,,,X,,,,,,100,,X,,,,,,X,,,,,,100,1/11/2024,x,,,,,,x,,,,,,100,100
,,7,,,,,,,,,,,,,,,,,,,,,,,,,,,,,,,,,,,,,,,,,,,,,,,,,,,,,,,,,,,,,,,,,,,,,,,,,,,,,,,,,,,,,,,,,,,,,,,,,,,,,,,,,,,,,,,,,,,,,,,,,,,,,,,,,,,,,,,,,,,,,,,,,,,,,,,,,,,,,,,,,,,,,,,,,,,,,,,,,,,,,,,,,,,,,,,,,,,,,,,,,,,,,,,,,,,,,,,,,1/11/2024,,,,,,,,,,,,,,,,,,,,,,,,,,,,,,,,,,,,,,,,,,,1/11/2024,,,,,,,,,,,,,,#DIV/0!
,,,,,,, ,,,,,,,,21,34,17,72,50,18,4,72,,,13,33,27,73,41,31,0,72,,,15,29,28,72,51,21,0,72,,,68,3,1,0,0,69,2,1,0,0,97,67,2,2,0,0,69,1,1,0,0,97,,,70,2,0,0,0,71,1,0,0,0,99,71,1,0,0,0,71,1,0,0,0,99,,,49,22,1,0,0,68,4,0,0,0,90,46,25,1,0,0,61,11,0,0,0,87,,,70,1,0,1,0,71,0,0,1,0,100,71,0,0,1,0,71,0,0,1,0,100,,,69,3,0,0,0,70,2,0,0,0,98,,69,3,0,0,0,72,0,0,0,0,99,69,3,0,0,0,72,0,0,0,0,99,,,72,0,0,0,0,,71,1,0,0,0,LOS Score,100,,66,6,0,0,0,,60,10,2,0,0,LOS Score,93,96,,69,3,0,0,0,,70,2,0,0,0,LOS Score,98,,68,4,0,0,0,,71,1,0,0,0,LOS Score,98,98,,63,6,3,0,0,,71,1,0,0,0,LOS Score,95,,65,3,4,0,0,,71,1,0,0,0,LOS Score,96,,68,4,0,0,0,,71,1,0,0,0,LOS Score,98,97
,,,,,,,,,,,,,,,,,District 9 LOS Score,53,,,District 9,82,,,,,District 9 LOS Score,40,,,,78,,,,,District 9 LOS Score,41,,,District 9 LOS Score,85,,,,,,,,,,,,,,,,,,,,,,,,,,,,,,,,,,,,,,,,,,,,,,,,,,,,,,,,,,,,,,,,,,,,,,,,,,,,,,,,,,,,,,,,,,,,,,,,,,,,,,,,,,,,,,,,,,,,,,,,,,,,,,,,,,,,,,,,,,,,,,,,,,,,,,,,,,,,,,,,,,,,,,,,,,,,,,,,,,,,,,,,,,,,,,,,,,,,,,,,,,,,,,,,,,,,,,,,,,,,,,,,,,,,,,,,,,
,,,,,,,,,,, ,,,,,,,,,,,,,,,,,,,,,,,,,,,,,,,,,,,,,,,,,,,,,,Encampments,,Need 1,0,,Encampments,,Need 1,0,,,,,,,,,,,,,,,,Encampments,,Need 1,0,,Encampments,,Need 1,0,,,,,,,,,,,,,,,,Encampments,,Need 1,0,,Encampments,,Need 1,0,,,,,,,,,,,,,,,,Encampments,,Need 1,0,,Encampments,,Need 1,0,,,,,Encampments,,Need 1,0,,Encampments,,Need 1,0,,,,,,,,,,,,,,,Encampments,,Need 1,0,,Encampments,,Need 1,0,,,,,,,,,,,,,,,,,,,,,,,,,,,,,,,,,,,,,,,,,,,,,,,,,,,,,,,,,,,,,,,,,,,,,,,,,,,,,,,,,,,,,,,,,,,,,,,,,,,,,,,
,,,,,,,,,,,,,,,,,,,,,,,,,,,,,,,,,,,,,,,,,,,,,,Encampments,,Need 1,0,,Encampments,,Need 1,0,,,,,Need 2,0,,,,Need 2,0,,,,,Encampments,,Need 1,0,,Encampments,,Need 1,0,,,,,Need 2,0,,,,Need 2,0,,,,,Encampments,,Need 1,0,,Encampments,,Need 1,0,,,,,Need 2,0,,,,Need 2,0,,,,,Encampments,,Need 1,0,,Encampments,,Need 1,0,,,,,Need 2,0,,,,Need 2,0,,,,,,,Need 2,0,,,,Need 2,0,,,,Encampments,,Need 1,0,,Encampments,,Need 1,0,,,,,Need 2,0,,,,Need 2,0,,,,,Encampments,,Need 1,0,,Encampments,,Need 1,0,,,,,,Encampments,,Need 1,0,,Encampments,,Need 1,0,,,,,,,Encampments,,Need 1,0,,,Encampments,,Need 1,0,,,,,Encampments,,Need 1,0,,,Encampments,,Need 1,0,,,,,,,Encampments,,Need 1,0,,,Encampments,,Need 1,0,,,,Encampments,,Need 1,0,,,Encampments,,Need 1,0,,,,,Encampments,,Need 1,0,,,Encampments,,Need 1,0,,,
,,,,,,,,,,,,,,,,,,,,,,,,,,,,,,,,,,,,,,,,,,,,,,,,Need 2,0,,,,Need 2,0,,,,,,,,,,,,,,,,,,Need 2,0,,,,Need 2,0,,,,,,,,,,,,,,,,,,Need 2,0,,,,Need 2,0,,,,,,,,,,,,,,,,,,Need 2,0,,,,Need 2,0,,,,,,,,,,,,,,,,,,,,,,,,,,,,,,Need 2,0,,,,Need 2,0,,,,,,,,,,,,,,,,,,Need 2,0,,,,Need 2,0,,,,,,,,Need 2,0,,,,Need 2,0,,,,,,,,,Need 2,0,,,,,Need 2,0,,,,,,,Need 2,0,,,,,Need 2,0,,,,,,,,,Need 2,0,,,,,Need 2,0,,,,,,Need 2,0,,,,,Need 2,0,,,,,,,Need 2,0,,,,,Need 2,0,,,
